{"name":"f1ef32ff-dfd0-4aaa-a2c4-9ce26645903a","id":"/providers/Microsoft.Flow/flows/f1ef32ff-dfd0-4aaa-a2c4-9ce26645903a","type":"Microsoft.Flow/flows","properties":{"apiId":"/providers/Microsoft.PowerApps/apis/shared_logicflows","displayName":"WEB - Cesvi OK","definition":{"metadata":{"workflowEntityId":null,"processAdvisorMetadata":null,"flowclientsuspensionreason":"None","flowclientsuspensiontime":null,"creator":{"id":"85af7612-9fb6-4f87-9016-f1b0fc508bc1","type":"User","tenantId":"7467615c-e7d5-466f-a80d-74a867d2e7fb"},"provisioningMethod":"FromDefinition","failureAlertSubscription":true,"clientLastModifiedTime":"2022-02-04T13:24:55.9363778Z"},"$schema":"https://schema.management.azure.com/providers/Microsoft.Logic/schemas/2016-06-01/workflowdefinition.json#","contentVersion":"1.0.0.0","parameters":{"$connections":{"defaultValue":{},"type":"Object"},"$authentication":{"defaultValue":{},"type":"SecureObject"}},"triggers":{"Al_crear_un_registro":{"recurrence":{"frequency":"Minute","interval":1},"splitOn":"@triggerBody()?['value']","metadata":{"flowSystemMetadata":{"swaggerOperationId":"GetOnNewItems_V2"},"operationMetadataId":"3f28a7c7-773c-40aa-886b-9c939e23f121"},"type":"ApiConnection","inputs":{"host":{"connection":{"name":"@parameters('$connections')['shared_dynamicscrmonline']['connectionId']"},"api":{"runtimeUrl":"https://brazil-001.azure-apim.net/apim/dynamicscrmonline"}},"method":"get","path":"/v2/datasets/@{encodeURIComponent(encodeURIComponent('org6efeb8f8.crm2'))}/tables/@{encodeURIComponent(encodeURIComponent('emails'))}/onnewitems","authentication":"@parameters('$authentication')"}}},"actions":{"HtmlToText":{"runAfter":{},"metadata":{"flowSystemMetadata":{"swaggerOperationId":"HtmlToText"},"operationMetadataId":"a779ba9a-bdbb-425d-8401-4814946ccd51"},"type":"ApiConnection","inputs":{"host":{"connection":{"name":"@parameters('$connections')['shared_conversionservice']['connectionId']"},"api":{"runtimeUrl":"https://brazil-001.azure-apim.net/apim/conversionservice"}},"method":"post","body":"<p>@{triggerBody()?['description']}</p>","path":"/html2text","authentication":"@parameters('$authentication')"}},"Emision_Automatica":{"actions":{"DNI":{"runAfter":{"NOMBRE":["Succeeded"]},"metadata":{"operationMetadataId":"300927ef-743c-45f2-9244-8bf2bd253213"},"type":"Compose","inputs":"@trim(replace(first(split(last(split(variables('varBody'),'>>DNI:')), ']')), '[', ''))"},"MAIL":{"runAfter":{"Validar_PersonaID":["Succeeded"]},"metadata":{"operationMetadataId":"e1d10602-698d-4adc-b00e-d6fc5a69132a"},"type":"Compose","inputs":"@trim(replace(first(split(last(split(variables('varBody'),'>>Mail:')), ']')), '[', ''))"},"NOMBRE":{"runAfter":{"APELLIDO":["Succeeded"]},"metadata":{"operationMetadataId":"202d7c34-0b10-4a63-8048-db6032e750b0"},"type":"Compose","inputs":"@trim(replace(first(split(last(split(variables('varBody'),'>>Nombre:')), ']')), '[', ''))"},"APELLIDO":{"runAfter":{},"metadata":{"operationMetadataId":"537533a9-c2a5-4b58-a793-09f5376bb671"},"type":"Compose","inputs":"@trim(replace(first(split(last(split(variables('varBody'),'>>Apellido:')), ']')), '[', ''))"},"Celular":{"runAfter":{"Telefono":["Succeeded"]},"metadata":{"operationMetadataId":"2b1a01e9-6b2a-48ca-81f3-48d985721aaf"},"type":"Compose","inputs":"@trim(replace(first(split(last(split(variables('varBody'),'>>Celular:')), ']')), '[', ''))"},"Cotizacion":{"runAfter":{"Celular":["Succeeded"]},"metadata":{"operationMetadataId":"a3d08f7d-b992-4ad1-9666-3dc9f3af53a8"},"type":"Compose","inputs":"@trim(replace(first(split(last(split(variables('varBody'),'>>Cotizacion:')), ']')), '[', ''))"},"FechaHora":{"runAfter":{"List_records":["Succeeded"]},"metadata":{"operationMetadataId":"0ab4ce8c-5d92-4ec5-b564-b7dfb03e4647"},"type":"Compose","inputs":"@trim(replace(first(split(last(split(variables('varBody'),'>>Fecha:')), ']')), '[', ''))"},"Marca":{"runAfter":{"fechaCompuesta":["Succeeded"]},"metadata":{"operationMetadataId":"85c83b73-6d90-4b79-a480-ee7a60a83d11"},"type":"Compose","inputs":"@trim(replace(first(split(last(split(variables('varBody'),'>>Marca:')), ']')), '[', ''))"},"Modelo":{"runAfter":{"Marca":["Succeeded"]},"metadata":{"operationMetadataId":"9cb1cda0-9188-4111-b834-21120fe8b383"},"type":"Compose","inputs":"@trim(replace(first(split(last(split(variables('varBody'),'>>Modelo:')), ']')), '[', ''))"},"Año":{"runAfter":{"Modelo":["Succeeded"]},"metadata":{"operationMetadataId":"caacaa63-6bac-4e5c-8afd-e2133032511b"},"type":"Compose","inputs":"@trim(replace(first(split(last(split(variables('varBody'),'>>Ano de fabricacion:')), ']')), '[', ''))"},"0KM":{"runAfter":{"Año":["Succeeded"]},"metadata":{"operationMetadataId":"0997a74e-5023-4058-8136-8e1abbe9ed1d"},"type":"Compose","inputs":"@trim(replace(first(split(last(split(variables('varBody'),'>>0KM:')), ']')), '[', ''))"},"Patente":{"runAfter":{"0KM":["Succeeded"]},"metadata":{"operationMetadataId":"e7f0ffa7-1ce5-4f4a-ac04-1f0e3849c0bf"},"type":"Compose","inputs":"@trim(replace(first(split(last(split(variables('varBody'),'>>Patente:')), ']')), '[', ''))"},"Codigo_postal":{"runAfter":{"Patente":["Succeeded"]},"metadata":{"operationMetadataId":"69a08ed5-159e-4ade-826a-46a62fe03c3f"},"type":"Compose","inputs":"@trim(replace(first(split(last(split(variables('varBody'),'>>Codigo postal:')), ']')), '[', ''))"},"Telefono":{"runAfter":{"MAIL":["Succeeded"]},"metadata":{"operationMetadataId":"b3b79780-4e76-49c2-a395-2580059637d9"},"type":"Compose","inputs":"@trim(replace(first(split(last(split(variables('varBody'),'>>Telefono:')), ']')), '[', ''))"},"List_records":{"runAfter":{"numeroRamoLimpio":["Succeeded"]},"metadata":{"flowSystemMetadata":{"swaggerOperationId":"GetItems_V2"},"operationMetadataId":"368fa4f4-7076-40a9-81b7-92fdbe776d82"},"type":"ApiConnection","inputs":{"host":{"connection":{"name":"@parameters('$connections')['shared_commondataservice']['connectionId']"},"api":{"runtimeUrl":"https://brazil-001.azure-apim.net/apim/commondataservice"}},"method":"get","path":"/v2/datasets/@{encodeURIComponent(encodeURIComponent('default.cds'))}/tables/@{encodeURIComponent(encodeURIComponent('axx_ramos'))}/items","queries":{"$filter":"axx_codigo eq '@{outputs('numeroRamoLimpio')}'"},"authentication":"@parameters('$authentication')"}},"numeroRamoLimpio":{"runAfter":{"Cotizacion":["Succeeded"]},"metadata":{"operationMetadataId":"c93da19d-830d-42c7-8d84-72d9e3f325ce"},"type":"Compose","inputs":"@trim(replace(first(split(last(split(variables('varBody'),'>>Ramo:')), ']')), '[', ''))"},"Apply_to_each":{"foreach":"@body('List_records')?['value']","actions":{"Apply_to_each_3":{"foreach":"@body('List_rows')?['value']","actions":{"Create_a_new_record":{"runAfter":{},"metadata":{"flowSystemMetadata":{"swaggerOperationId":"PostItem_V2"},"operationMetadataId":"8f9f5f21-de6f-4bbe-988a-841cadf39755"},"type":"ApiConnection","inputs":{"host":{"connection":{"name":"@parameters('$connections')['shared_commondataservice']['connectionId']"},"api":{"runtimeUrl":"https://brazil-001.azure-apim.net/apim/commondataservice"}},"method":"post","body":{"_axx_campanaorigen_value":"95c074da-2503-eb11-a813-000d3ac1703e","axx_0km":"@{outputs('0KM')}","axx_anofabricacion":"@{outputs('Año')}","axx_apellido":"@{outputs('APELLIDO')}","axx_canal":"@variables('Canal')","axx_celular":"@{outputs('Celular')}","axx_codigodeventa_text":"@items('Apply_to_each_3')?['axx_coddeventa']","axx_codigopostal":"@{outputs('Codigo_postal')}","axx_cotizacion":"@{outputs('Cotizacion')}","axx_documento":"@{outputs('DNI')}","axx_email":"@{outputs('MAIL')}","axx_origen_email":"@variables('varBody')","axx_fecha":"@{outputs('fechaCompuesta')}","axx_marca":"@{outputs('Marca')}","axx_modelo":"@{outputs('Modelo')}","axx_nombre":"@{outputs('NOMBRE')}","axx_patente":"@{outputs('Patente')}","axx_planseleccionado":"@{outputs('planSeleccionadoLimpio')}","axx_procesocontrol":"OK","axx_telefono":"@{outputs('Telefono')}","_axx_estadovd_value":"5add1e2a-62e1-e911-a812-000d3ac1703e","_axx_persona_value":"@variables('PersonaID')","_ownerid_type":"","_axx_ramo1_value":"@items('Apply_to_each')?['axx_ramoid']","_axx_resultado_value":"@variables('Resultado')","_axx_unidaddenegocios_value":"@items('Apply_to_each_3')?['_axx_unidadnegocio_value']"},"path":"/v2/datasets/@{encodeURIComponent(encodeURIComponent('default.cds'))}/tables/@{encodeURIComponent(encodeURIComponent('axx_ventadirectas'))}/items","authentication":"@parameters('$authentication')"}}},"runAfter":{},"metadata":{"operationMetadataId":"6379d302-006b-4ec4-8e48-ad2910068c06"},"type":"Foreach"}},"runAfter":{"List_rows":["Succeeded"]},"metadata":{"operationMetadataId":"5ae3adb9-8881-460c-89f5-c83ed9985d13"},"type":"Foreach"},"planSeleccionadoCrudo":{"runAfter":{"Codigo_postal":["Succeeded"]},"metadata":{"operationMetadataId":"127c8210-4818-42cc-9a1c-bb116c4d982c"},"type":"Compose","inputs":"@trim(replace(first(split(last(split(variables('varBody'),'>>Plan seleccionado:')), ']')), '[', ''))"},"planSeleccionadoLimpio":{"runAfter":{"planSeleccionadoCrudo":["Succeeded"]},"metadata":{"operationMetadataId":"c0bbd89a-d292-4ccc-b026-a04589f1bf49"},"type":"Compose","inputs":"@replace(outputs('planSeleccionadoCrudo'),']: [',' - ')"},"List_records_2":{"runAfter":{"DNI":["Succeeded"]},"metadata":{"flowSystemMetadata":{"swaggerOperationId":"GetItems_V2"},"operationMetadataId":"91ce042d-d481-4245-83c1-284da46c3c22"},"type":"ApiConnection","inputs":{"host":{"connection":{"name":"@parameters('$connections')['shared_commondataservice']['connectionId']"},"api":{"runtimeUrl":"https://brazil-001.azure-apim.net/apim/commondataservice"}},"method":"get","path":"/v2/datasets/@{encodeURIComponent(encodeURIComponent('default.cds'))}/tables/@{encodeURIComponent(encodeURIComponent('accounts'))}/items","queries":{"$filter":"axx_numerodocumento eq '@{outputs('DNI')}'"},"authentication":"@parameters('$authentication')"}},"Condition":{"actions":{},"runAfter":{"Apply_to_each_2":["Succeeded"]},"else":{"actions":{"idPersonaEncontrada":{"runAfter":{},"metadata":{"operationMetadataId":"3657220a-2ccf-48cd-bde3-8900d19f1378"},"type":"Compose","inputs":"@string(outputs('idPersona'))"},"idPersonaEncoRecompuesto":{"runAfter":{"idPersonaEncontrada":["Succeeded"]},"metadata":{"operationMetadataId":"aa952e69-49f0-4f7f-8203-7a1686bda622"},"type":"Compose","inputs":"@first(skip(split(first(split(outputs('idPersonaEncontrada'),'\"]')),'[\"'),1))"},"Seteo_variable_PersonaID":{"runAfter":{"idPersonaEncoRecompuesto":["Succeeded"]},"metadata":{"operationMetadataId":"6876ccbe-a27c-42c7-a7e9-46db7d25e5a2"},"type":"SetVariable","inputs":{"name":"PersonaID","value":"@{outputs('idPersonaEncoRecompuesto')}"}}}},"expression":{"equals":["@outputs('idPersona')",""]},"metadata":{"operationMetadataId":"09ca086d-71c8-4425-9778-7b34294ef6da"},"type":"If"},"Apply_to_each_2":{"foreach":"@body('List_records_2')?['value']","actions":{"idPersona":{"runAfter":{},"metadata":{"operationMetadataId":"efa2934b-b43c-4a5f-888e-d0f07d14c29d"},"type":"Compose","inputs":"@items('Apply_to_each_2')?['accountid']"}},"runAfter":{"List_records_2":["Succeeded"]},"metadata":{"operationMetadataId":"1240eb70-2bae-4c7d-853c-d5434d4633a8"},"type":"Foreach"},"Fecha":{"runAfter":{"FechaHora":["Succeeded"]},"metadata":{"operationMetadataId":"124bef0a-40df-4d38-9c15-78759d5d4f58"},"type":"Compose","inputs":"@first(split(outputs('FechaHora'),' '))"},"Hora":{"runAfter":{"año2":["Succeeded"]},"metadata":{"operationMetadataId":"b2a405ee-55b7-4520-8d0d-1673547231ca"},"type":"Compose","inputs":"@last(array(split(outputs('FechaHora'),' ')))"},"dia":{"runAfter":{"Fecha":["Succeeded"]},"metadata":{"operationMetadataId":"473d20f3-bdf9-49e4-a250-950a5163a5b6"},"type":"Compose","inputs":"@first(split(outputs('Fecha'),'/'))"},"año2":{"runAfter":{"mes":["Succeeded"]},"metadata":{"operationMetadataId":"09e3c610-14e8-4594-99b2-1020abe364a6"},"type":"Compose","inputs":"@last(split(outputs('Fecha'),'/'))"},"mes":{"runAfter":{"dia":["Succeeded"]},"metadata":{"operationMetadataId":"1154daf0-bfb5-45d6-b926-25b5ccdc62d4"},"type":"Compose","inputs":"@first(skip(split(outputs('Fecha'),'/'),1))"},"fechaCompuesta":{"runAfter":{"SSOK":["Succeeded"]},"metadata":{"operationMetadataId":"f720d36f-26f8-4237-9d5c-7b850222db9a"},"type":"Compose","inputs":"@concat(outputs('año2'),'-',outputs('mes'),'-',outputs('dia'),'T',outputs('HHOK'), ':',outputs('MMOK'), ':', outputs('SSOK'),'.0000000Z')"},"List_rows":{"runAfter":{"Condición":["Succeeded"]},"metadata":{"flowSystemMetadata":{"swaggerOperationId":"GetItems_V2"},"operationMetadataId":"69dcf573-112f-497e-894a-158f08dbb181"},"type":"ApiConnection","inputs":{"host":{"connection":{"name":"@parameters('$connections')['shared_commondataservice']['connectionId']"},"api":{"runtimeUrl":"https://brazil-001.azure-apim.net/apim/commondataservice"}},"method":"get","path":"/v2/datasets/@{encodeURIComponent(encodeURIComponent('default.cds'))}/tables/@{encodeURIComponent(encodeURIComponent('axx_cdigosdeventacps'))}/items","queries":{"$filter":"(axx_codigopostal eq '@{outputs('Codigo_postal')}')"},"authentication":"@parameters('$authentication')"}},"Condición":{"actions":{"Resultado_S":{"runAfter":{},"metadata":{"operationMetadataId":"b051e390-e5d9-4ff8-96b8-4bc225a208a6"},"type":"SetVariable","inputs":{"name":"Resultado","value":"1c2b84c7-a935-ec11-8c64-00224837d6ec"}}},"runAfter":{"planSeleccionadoLimpio":["Succeeded"]},"else":{"actions":{"Resultado_N":{"runAfter":{},"metadata":{"operationMetadataId":"caebe3a1-2d6b-45ae-bb1a-5f328e1ed4ac"},"type":"SetVariable","inputs":{"name":"Resultado","value":"e8e3739b-a935-ec11-8c64-00224837d6ec"}}}},"expression":{"equals":["@outputs('0KM')","S"]},"metadata":{"operationMetadataId":"c51ece08-01a7-45af-b4fa-43c6aa6af773"},"type":"If"},"HH":{"runAfter":{"Hora":["Succeeded"]},"metadata":{"operationMetadataId":"ad4cb6c4-ae94-4630-a747-7b5643e7d4e9"},"type":"Compose","inputs":"@first(split(outputs('Hora'),':'))"},"MM":{"runAfter":{"HH":["Succeeded"]},"metadata":{"operationMetadataId":"0d86aa96-870e-4234-a808-682dd4da4f81"},"type":"Compose","inputs":"@first(skip(split(outputs('Hora'),':'),1))"},"SS":{"runAfter":{"MM":["Succeeded"]},"metadata":{"operationMetadataId":"c2b76a35-13e5-4b41-8aea-3aaf86db7325"},"type":"Compose","inputs":"@first(skip(split(outputs('Hora'),':'),2))"},"HHOK":{"runAfter":{"SS":["Succeeded"]},"metadata":{"operationMetadataId":"b897bb26-5bce-4bcb-94a6-9061c3f80c10"},"type":"Compose","inputs":"@if(equals(1, length(outputs('HH'))), concat('0', outputs('HH')), outputs('HH'))"},"MMOK":{"runAfter":{"HHOK":["Succeeded"]},"metadata":{"operationMetadataId":"b84e4ee2-7739-4312-a679-1913e2b8a72b"},"type":"Compose","inputs":"@if(equals(1, length(outputs('MM'))), concat('0', outputs('MM')), outputs('MM'))"},"SSOK":{"runAfter":{"MMOK":["Succeeded"]},"metadata":{"operationMetadataId":"e422fa17-f6b1-44de-bbb8-0c584b62072d"},"type":"Compose","inputs":"@if(equals(1, length(outputs('SS'))), concat('0', outputs('SS')), outputs('SS'))"},"Validar_PersonaID":{"actions":{"Establecer_variable_3":{"runAfter":{},"metadata":{"operationMetadataId":"bd77d7f0-62bd-4845-be28-bcd7a6cc6efd"},"type":"SetVariable","inputs":{"name":"PersonaID","value":"@variables('NULL')"}}},"runAfter":{"Condition":["Succeeded"]},"expression":{"contains":["@variables('PersonaID')",","]},"metadata":{"operationMetadataId":"222e4e2d-ed01-4869-83f7-743210d00973"},"type":"If"}},"runAfter":{"Revisar_si_el_asunto_es_Facebook_(Canal)":["Succeeded"]},"else":{"actions":{"Terminate":{"runAfter":{},"metadata":{"operationMetadataId":"ab075d97-4f59-438c-960a-3f9ecfec466d"},"type":"Terminate","inputs":{"runStatus":"Cancelled"}}}},"expression":{"and":[{"or":[{"startsWith":["@triggerBody()?['subject']","Controlar / Emitir poliza - Generado en: CONTINENTE  -  RECPROD - Generado en: RECPROD"]},{"startsWith":["@triggerBody()?['subject']","Controlar / Emitir poliza - Generado en: OMNICANALIDAD - WHATSAPP"]},{"startsWith":["@triggerBody()?['subject']","Controlar / Emitir poliza - Generado en: OMNICANALIDAD - FACEBOOK"]}]},{"equals":["@variables('Estado')","OK"]}]},"metadata":{"operationMetadataId":"fc918ba7-147e-47f8-a0fc-d2f5502676bc"},"type":"If"},"Initialize_variable":{"runAfter":{"Inicializar_Resultado":["Succeeded"]},"metadata":{"operationMetadataId":"f8f1fc19-7e65-4d7d-9171-c948a000a05b"},"type":"InitializeVariable","inputs":{"variables":[{"name":"varBody","type":"string","value":"@{uriComponentToString(replace(replace(uriComponent(body('HtmlToText')), '%0A', ''), '%C2%A0', ''))}"}]}},"Inicializar_variable":{"runAfter":{"Initialize_variable":["Succeeded"]},"metadata":{"operationMetadataId":"ed6cb5dd-c4e6-4e3d-a293-91c87f40c535"},"type":"InitializeVariable","inputs":{"variables":[{"name":"Estado","type":"string","value":"@{trim(replace(first(split(last(split(variables('varBody'),'>>Estado de la interface:')), ']')), '[', ''))}"}]}},"Inicializar_Resultado":{"runAfter":{"Inicializar_PersonaID":["Succeeded"]},"metadata":{"operationMetadataId":"30126246-24a2-40d6-bb38-578991b20919"},"type":"InitializeVariable","inputs":{"variables":[{"name":"Resultado","type":"string","value":"vacio"}]}},"Iniciar_Canal_(default_Cliente_Final)":{"runAfter":{"Inicializar_variable":["Succeeded"]},"metadata":{"operationMetadataId":"43038569-01b6-417b-ae52-13060defd4b6"},"type":"InitializeVariable","inputs":{"variables":[{"name":"Canal","type":"integer","value":282270001}]}},"Revisar_si_el_asunto_es_WhatsApp_(Canal)":{"actions":{"Establecer_variable":{"runAfter":{},"metadata":{"operationMetadataId":"6b623664-bd3f-4b97-b40b-22d4e33d7534"},"type":"SetVariable","inputs":{"name":"Canal","value":282270000}}},"runAfter":{"Iniciar_Canal_(default_Cliente_Final)":["Succeeded"]},"expression":{"contains":["@triggerBody()?['subject']","WHATSAPP"]},"metadata":{"operationMetadataId":"ff0d2893-e9cb-40b8-8a8b-7b0b97a86192"},"type":"If"},"Revisar_si_el_asunto_es_Facebook_(Canal)":{"actions":{"Establecer_variable_2":{"runAfter":{},"metadata":{"operationMetadataId":"8c7ce6db-2cc9-4c73-8900-b27eb182bd1e"},"type":"SetVariable","inputs":{"name":"Canal","value":282270002}}},"runAfter":{"Revisar_si_el_asunto_es_WhatsApp_(Canal)":["Succeeded"]},"expression":{"contains":["@triggerBody()?['subject']","FACEBOOK"]},"metadata":{"operationMetadataId":"bac2ba30-b554-4bf1-bee9-6bbae7fa9800"},"type":"If"},"Inicializar_PersonaID":{"runAfter":{"Inicializar_variable_vacia":["Succeeded"]},"metadata":{"operationMetadataId":"9b4ea934-87d4-4a69-8b74-4bd182ba7d5f"},"type":"InitializeVariable","inputs":{"variables":[{"name":"PersonaID","type":"string"}]}},"Inicializar_variable_vacia":{"runAfter":{"HtmlToText":["Succeeded"]},"metadata":{"operationMetadataId":"5b15ff92-0f23-4063-a1cf-aea228f9b5fc"},"type":"InitializeVariable","inputs":{"variables":[{"name":"NULL","type":"string"}]}}}},"connectionReferences":{"shared_conversionservice":{"connectionName":"shared-conversionser-922317a8-96c4-4b24-acc5-567a-47c6717d","source":"Embedded","id":"/providers/Microsoft.PowerApps/apis/shared_conversionservice","tier":"NotSpecified"},"shared_commondataservice":{"connectionName":"shared-commondataser-e71ec140-34a4-4736-96d7-2e9d-922081e2","source":"Embedded","id":"/providers/Microsoft.PowerApps/apis/shared_commondataservice","tier":"NotSpecified"},"shared_dynamicscrmonline":{"connectionName":"shared-dynamicscrmon-887dbcc3-d558-40d5-bc71-b8c8-1e331792","source":"Embedded","id":"/providers/Microsoft.PowerApps/apis/shared_dynamicscrmonline","tier":"NotSpecified"}},"flowFailureAlertSubscribed":false}}