
<entities xmlns:xsd="http://www.w3.org/2001/XMLSchema" xmlns:xsi="http://www.w3.org/2001/XMLSchema-instance" timestamp="2022-01-12T16:27:22.8596006Z">
  <entity name="axx_resultadosventadirecta" displayname="Resultados Venta Directa">
    <records>
      <record id="626c72e2-c173-ec11-8943-000d3a8907b2">
        <field name="axx_estadovd" value="34cdab4e-a0e0-e911-a812-000d3ac17e18" lookupentity="axx_estadoventadirecta" lookupentityname="Cerrado" />
        <field name="axx_name" value="Endoso gestionado" />
        <field name="axx_resultadosventadirectaid" value="626c72e2-c173-ec11-8943-000d3a8907b2" />
        <field name="axx_contactado" value="False" />
      </record>
      <record id="a12524ef-c173-ec11-8943-000d3a8907b2">
        <field name="axx_estadovd" value="34cdab4e-a0e0-e911-a812-000d3ac17e18" lookupentity="axx_estadoventadirecta" lookupentityname="Cerrado" />
        <field name="axx_name" value="Derivado all call para contactar" />
        <field name="axx_resultadosventadirectaid" value="a12524ef-c173-ec11-8943-000d3a8907b2" />
        <field name="axx_contactado" value="False" />
      </record>
      <record id="40e7d6cf-ee0f-eb11-a812-000d3ac1779c">
        <field name="axx_estadovd" value="6c7a8ede-a1e0-e911-a812-000d3ac17e18" lookupentity="axx_estadoventadirecta" lookupentityname="En trabajo" />
        <field name="axx_name" value="Inspeccionar" />
        <field name="axx_resultadosventadirectaid" value="40e7d6cf-ee0f-eb11-a812-000d3ac1779c" />
        <field name="axx_contactado" value="True" />
      </record>
      <record id="42e7d6cf-ee0f-eb11-a812-000d3ac1779c">
        <field name="axx_estadovd" value="6c7a8ede-a1e0-e911-a812-000d3ac17e18" lookupentity="axx_estadoventadirecta" lookupentityname="En trabajo" />
        <field name="axx_name" value="Derivado al ramo" />
        <field name="axx_resultadosventadirectaid" value="42e7d6cf-ee0f-eb11-a812-000d3ac1779c" />
        <field name="axx_contactado" value="True" />
      </record>
      <record id="44e7d6cf-ee0f-eb11-a812-000d3ac1779c">
        <field name="axx_estadovd" value="6c7a8ede-a1e0-e911-a812-000d3ac17e18" lookupentity="axx_estadoventadirecta" lookupentityname="En trabajo" />
        <field name="axx_name" value="Revisar - error en carga web" />
        <field name="axx_resultadosventadirectaid" value="44e7d6cf-ee0f-eb11-a812-000d3ac1779c" />
        <field name="axx_contactado" value="True" />
      </record>
      <record id="46e7d6cf-ee0f-eb11-a812-000d3ac1779c">
        <field name="axx_estadovd" value="34cdab4e-a0e0-e911-a812-000d3ac17e18" lookupentity="axx_estadoventadirecta" lookupentityname="Cerrado" />
        <field name="axx_name" value="Sin efecto / Desestimada" />
        <field name="axx_resultadosventadirectaid" value="46e7d6cf-ee0f-eb11-a812-000d3ac1779c" />
        <field name="axx_contactado" value="False" />
      </record>
      <record id="e420a1e3-ed0f-eb11-a812-000d3ac17b5f">
        <field name="axx_estadovd" value="6c7a8ede-a1e0-e911-a812-000d3ac17e18" lookupentity="axx_estadoventadirecta" lookupentityname="En trabajo" />
        <field name="axx_name" value="No contactado - No Contesta - Contestador" />
        <field name="axx_resultadosventadirectaid" value="e420a1e3-ed0f-eb11-a812-000d3ac17b5f" />
        <field name="axx_contactado" value="False" />
      </record>
      <record id="e620a1e3-ed0f-eb11-a812-000d3ac17b5f">
        <field name="axx_estadovd" value="34cdab4e-a0e0-e911-a812-000d3ac17e18" lookupentity="axx_estadoventadirecta" lookupentityname="Cerrado" />
        <field name="axx_name" value="No contesta - Cierre definitivo" />
        <field name="axx_resultadosventadirectaid" value="e620a1e3-ed0f-eb11-a812-000d3ac17b5f" />
        <field name="axx_contactado" value="False" />
      </record>
      <record id="e820a1e3-ed0f-eb11-a812-000d3ac17b5f">
        <field name="axx_estadovd" value="34cdab4e-a0e0-e911-a812-000d3ac17e18" lookupentity="axx_estadoventadirecta" lookupentityname="Cerrado" />
        <field name="axx_name" value="Tel&amp;#233;fono Err&amp;#243;neo /Sin Tel /equivocado" />
        <field name="axx_resultadosventadirectaid" value="e820a1e3-ed0f-eb11-a812-000d3ac17b5f" />
        <field name="axx_contactado" value="False" />
      </record>
      <record id="0821a1e3-ed0f-eb11-a812-000d3ac17b5f">
        <field name="axx_estadovd" value="34cdab4e-a0e0-e911-a812-000d3ac17e18" lookupentity="axx_estadoventadirecta" lookupentityname="Cerrado" />
        <field name="axx_name" value="No quiere brindar datos por tel&amp;#233;fono" />
        <field name="axx_resultadosventadirectaid" value="0821a1e3-ed0f-eb11-a812-000d3ac17b5f" />
        <field name="axx_contactado" value="False" />
      </record>
      <record id="0a21a1e3-ed0f-eb11-a812-000d3ac17b5f">
        <field name="axx_estadovd" value="34cdab4e-a0e0-e911-a812-000d3ac17e18" lookupentity="axx_estadoventadirecta" lookupentityname="Cerrado" />
        <field name="axx_name" value="Duplicado" />
        <field name="axx_resultadosventadirectaid" value="0a21a1e3-ed0f-eb11-a812-000d3ac17b5f" />
        <field name="axx_contactado" value="False" />
      </record>
      <record id="1a2b7126-ee0f-eb11-a812-000d3ac17b5f">
        <field name="axx_estadovd" value="6c7a8ede-a1e0-e911-a812-000d3ac17e18" lookupentity="axx_estadoventadirecta" lookupentityname="En trabajo" />
        <field name="axx_name" value="Rellamar" />
        <field name="axx_resultadosventadirectaid" value="1a2b7126-ee0f-eb11-a812-000d3ac17b5f" />
        <field name="axx_contactado" value="True" />
      </record>
      <record id="1c2b7126-ee0f-eb11-a812-000d3ac17b5f">
        <field name="axx_estadovd" value="34cdab4e-a0e0-e911-a812-000d3ac17e18" lookupentity="axx_estadoventadirecta" lookupentityname="Cerrado" />
        <field name="axx_name" value="Venta" />
        <field name="axx_resultadosventadirectaid" value="1c2b7126-ee0f-eb11-a812-000d3ac17b5f" />
        <field name="axx_contactado" value="True" />
      </record>
      <record id="1e2b7126-ee0f-eb11-a812-000d3ac17b5f">
        <field name="axx_estadovd" value="34cdab4e-a0e0-e911-a812-000d3ac17e18" lookupentity="axx_estadoventadirecta" lookupentityname="Cerrado" />
        <field name="axx_name" value="Venta sin Cotizador" />
        <field name="axx_resultadosventadirectaid" value="1e2b7126-ee0f-eb11-a812-000d3ac17b5f" />
        <field name="axx_contactado" value="True" />
      </record>
      <record id="202b7126-ee0f-eb11-a812-000d3ac17b5f">
        <field name="axx_estadovd" value="34cdab4e-a0e0-e911-a812-000d3ac17e18" lookupentity="axx_estadoventadirecta" lookupentityname="Cerrado" />
        <field name="axx_name" value="No acepta por Cobertura" />
        <field name="axx_resultadosventadirectaid" value="202b7126-ee0f-eb11-a812-000d3ac17b5f" />
        <field name="axx_contactado" value="True" />
      </record>
      <record id="222b7126-ee0f-eb11-a812-000d3ac17b5f">
        <field name="axx_estadovd" value="34cdab4e-a0e0-e911-a812-000d3ac17e18" lookupentity="axx_estadoventadirecta" lookupentityname="Cerrado" />
        <field name="axx_name" value="No acepta por Costo" />
        <field name="axx_resultadosventadirectaid" value="222b7126-ee0f-eb11-a812-000d3ac17b5f" />
        <field name="axx_contactado" value="True" />
      </record>
      <record id="242b7126-ee0f-eb11-a812-000d3ac17b5f">
        <field name="axx_estadovd" value="34cdab4e-a0e0-e911-a812-000d3ac17e18" lookupentity="axx_estadoventadirecta" lookupentityname="Cerrado" />
        <field name="axx_name" value="No acepta por Servicio" />
        <field name="axx_resultadosventadirectaid" value="242b7126-ee0f-eb11-a812-000d3ac17b5f" />
        <field name="axx_contactado" value="True" />
      </record>
      <record id="262b7126-ee0f-eb11-a812-000d3ac17b5f">
        <field name="axx_estadovd" value="6c7a8ede-a1e0-e911-a812-000d3ac17e18" lookupentity="axx_estadoventadirecta" lookupentityname="En trabajo" />
        <field name="axx_name" value="Preventa falta Documentaci&amp;#243;n/Informaci&amp;#243;n" />
        <field name="axx_resultadosventadirectaid" value="262b7126-ee0f-eb11-a812-000d3ac17b5f" />
        <field name="axx_contactado" value="True" />
      </record>
      <record id="282b7126-ee0f-eb11-a812-000d3ac17b5f">
        <field name="axx_estadovd" value="6c7a8ede-a1e0-e911-a812-000d3ac17e18" lookupentity="axx_estadoventadirecta" lookupentityname="En trabajo" />
        <field name="axx_name" value="Interesado - Lo va a evaluar " />
        <field name="axx_resultadosventadirectaid" value="282b7126-ee0f-eb11-a812-000d3ac17b5f" />
        <field name="axx_contactado" value="True" />
      </record>
      <record id="2a2b7126-ee0f-eb11-a812-000d3ac17b5f">
        <field name="axx_estadovd" value="34cdab4e-a0e0-e911-a812-000d3ac17e18" lookupentity="axx_estadoventadirecta" lookupentityname="Cerrado" />
        <field name="axx_name" value="Consultas - Informaci&amp;#243;n" />
        <field name="axx_resultadosventadirectaid" value="2a2b7126-ee0f-eb11-a812-000d3ac17b5f" />
        <field name="axx_contactado" value="True" />
      </record>
      <record id="2c2b7126-ee0f-eb11-a812-000d3ac17b5f">
        <field name="axx_estadovd" value="34cdab4e-a0e0-e911-a812-000d3ac17e18" lookupentity="axx_estadoventadirecta" lookupentityname="Cerrado" />
        <field name="axx_name" value="Ya contrato con PSEG" />
        <field name="axx_resultadosventadirectaid" value="2c2b7126-ee0f-eb11-a812-000d3ac17b5f" />
        <field name="axx_contactado" value="True" />
      </record>
      <record id="2e2b7126-ee0f-eb11-a812-000d3ac17b5f">
        <field name="axx_estadovd" value="6c7a8ede-a1e0-e911-a812-000d3ac17e18" lookupentity="axx_estadoventadirecta" lookupentityname="En trabajo" />
        <field name="axx_name" value="Endoso" />
        <field name="axx_resultadosventadirectaid" value="2e2b7126-ee0f-eb11-a812-000d3ac17b5f" />
        <field name="axx_contactado" value="True" />
      </record>
      <record id="302b7126-ee0f-eb11-a812-000d3ac17b5f">
        <field name="axx_estadovd" value="34cdab4e-a0e0-e911-a812-000d3ac17e18" lookupentity="axx_estadoventadirecta" lookupentityname="Cerrado" />
        <field name="axx_name" value="Anulaci&amp;#243;n" />
        <field name="axx_resultadosventadirectaid" value="302b7126-ee0f-eb11-a812-000d3ac17b5f" />
        <field name="axx_contactado" value="True" />
      </record>
      <record id="322b7126-ee0f-eb11-a812-000d3ac17b5f">
        <field name="axx_estadovd" value="34cdab4e-a0e0-e911-a812-000d3ac17e18" lookupentity="axx_estadoventadirecta" lookupentityname="Cerrado" />
        <field name="axx_name" value="No corresponde a VDT – Derivado a At.Cliente" />
        <field name="axx_resultadosventadirectaid" value="322b7126-ee0f-eb11-a812-000d3ac17b5f" />
        <field name="axx_contactado" value="True" />
      </record>
      <record id="342b7126-ee0f-eb11-a812-000d3ac17b5f">
        <field name="axx_estadovd" value="34cdab4e-a0e0-e911-a812-000d3ac17e18" lookupentity="axx_estadoventadirecta" lookupentityname="Cerrado" />
        <field name="axx_name" value="No tiene el riesgo" />
        <field name="axx_resultadosventadirectaid" value="342b7126-ee0f-eb11-a812-000d3ac17b5f" />
        <field name="axx_contactado" value="True" />
      </record>
      <record id="362b7126-ee0f-eb11-a812-000d3ac17b5f">
        <field name="axx_estadovd" value="34cdab4e-a0e0-e911-a812-000d3ac17e18" lookupentity="axx_estadoventadirecta" lookupentityname="Cerrado" />
        <field name="axx_name" value="No cumple requisitos para asegurar" />
        <field name="axx_resultadosventadirectaid" value="362b7126-ee0f-eb11-a812-000d3ac17b5f" />
        <field name="axx_contactado" value="True" />
      </record>
      <record id="382b7126-ee0f-eb11-a812-000d3ac17b5f">
        <field name="axx_estadovd" value="34cdab4e-a0e0-e911-a812-000d3ac17e18" lookupentity="axx_estadoventadirecta" lookupentityname="Cerrado" />
        <field name="axx_name" value="No le interesa - Corta" />
        <field name="axx_resultadosventadirectaid" value="382b7126-ee0f-eb11-a812-000d3ac17b5f" />
        <field name="axx_contactado" value="True" />
      </record>
      <record id="2d87b770-4607-ec11-b6e7-000d3ac1caf0">
        <field name="axx_estadovd" value="34cdab4e-a0e0-e911-a812-000d3ac17e18" lookupentity="axx_estadoventadirecta" lookupentityname="Cerrado" />
        <field name="axx_name" value="Base de Riesgosos" />
        <field name="axx_resultadosventadirectaid" value="2d87b770-4607-ec11-b6e7-000d3ac1caf0" />
        <field name="axx_contactado" value="False" />
      </record>
      <record id="3f69c27c-4607-ec11-b6e7-000d3ac1caf0">
        <field name="axx_estadovd" value="34cdab4e-a0e0-e911-a812-000d3ac17e18" lookupentity="axx_estadoventadirecta" lookupentityname="Cerrado" />
        <field name="axx_name" value="Pasado al Call para gestionar" />
        <field name="axx_resultadosventadirectaid" value="3f69c27c-4607-ec11-b6e7-000d3ac1caf0" />
        <field name="axx_contactado" value="False" />
      </record>
      <record id="57b6ba82-4607-ec11-b6e7-000d3ac1caf0">
        <field name="axx_estadovd" value="34cdab4e-a0e0-e911-a812-000d3ac17e18" lookupentity="axx_estadoventadirecta" lookupentityname="Cerrado" />
        <field name="axx_name" value="Comportamiento negativo" />
        <field name="axx_resultadosventadirectaid" value="57b6ba82-4607-ec11-b6e7-000d3ac1caf0" />
        <field name="axx_contactado" value="False" />
      </record>
      <record id="a650da5f-22eb-eb11-bacb-002248378eb4">
        <field name="axx_estadovd" value="5add1e2a-62e1-e911-a812-000d3ac1703e" lookupentity="axx_estadoventadirecta" lookupentityname="Pendiente" />
        <field name="axx_name" value="Cotiz&amp;#243; pero no avanzo" />
        <field name="axx_resultadosventadirectaid" value="a650da5f-22eb-eb11-bacb-002248378eb4" />
        <field name="axx_contactado" value="False" />
      </record>
      <record id="e8e3739b-a935-ec11-8c64-00224837d6ec">
        <field name="axx_estadovd" value="5add1e2a-62e1-e911-a812-000d3ac1703e" lookupentity="axx_estadoventadirecta" lookupentityname="Pendiente" />
        <field name="axx_name" value="OK" />
        <field name="axx_resultadosventadirectaid" value="e8e3739b-a935-ec11-8c64-00224837d6ec" />
        <field name="axx_contactado" value="False" />
      </record>
      <record id="1c2b84c7-a935-ec11-8c64-00224837d6ec">
        <field name="axx_estadovd" value="5add1e2a-62e1-e911-a812-000d3ac1703e" lookupentity="axx_estadoventadirecta" lookupentityname="Pendiente" />
        <field name="axx_name" value="0KM" />
        <field name="axx_resultadosventadirectaid" value="1c2b84c7-a935-ec11-8c64-00224837d6ec" />
        <field name="axx_contactado" value="False" />
      </record>
      <record id="9638e7d3-a935-ec11-8c64-00224837d6ec">
        <field name="axx_estadovd" value="5add1e2a-62e1-e911-a812-000d3ac1703e" lookupentity="axx_estadoventadirecta" lookupentityname="Pendiente" />
        <field name="axx_name" value="Revisar" />
        <field name="axx_resultadosventadirectaid" value="9638e7d3-a935-ec11-8c64-00224837d6ec" />
        <field name="axx_contactado" value="False" />
      </record>
      <record id="dd86dfd9-a935-ec11-8c64-00224837d6ec">
        <field name="axx_estadovd" value="5add1e2a-62e1-e911-a812-000d3ac1703e" lookupentity="axx_estadoventadirecta" lookupentityname="Pendiente" />
        <field name="axx_name" value="Cesvi" />
        <field name="axx_resultadosventadirectaid" value="dd86dfd9-a935-ec11-8c64-00224837d6ec" />
        <field name="axx_contactado" value="False" />
      </record>
      <record id="1a2ede75-cd43-ec11-8c62-00224837de04">
        <field name="axx_estadovd" value="6c7a8ede-a1e0-e911-a812-000d3ac17e18" lookupentity="axx_estadoventadirecta" lookupentityname="En trabajo" />
        <field name="axx_name" value="Falta realizar inspecci&amp;#243;n" />
        <field name="axx_resultadosventadirectaid" value="1a2ede75-cd43-ec11-8c62-00224837de04" />
        <field name="axx_contactado" value="False" />
      </record>
      <record id="0aa5a082-cd43-ec11-8c62-00224837de04">
        <field name="axx_estadovd" value="6c7a8ede-a1e0-e911-a812-000d3ac17e18" lookupentity="axx_estadoventadirecta" lookupentityname="En trabajo" />
        <field name="axx_name" value="Pendiente de emisi&amp;#243;n" />
        <field name="axx_resultadosventadirectaid" value="0aa5a082-cd43-ec11-8c62-00224837de04" />
        <field name="axx_contactado" value="False" />
      </record>
      <record id="274ea817-ce43-ec11-8c62-00224837de04">
        <field name="axx_estadovd" value="6c7a8ede-a1e0-e911-a812-000d3ac17e18" lookupentity="axx_estadoventadirecta" lookupentityname="En trabajo" />
        <field name="axx_name" value="Falta certificado de no rodamiento" />
        <field name="axx_resultadosventadirectaid" value="274ea817-ce43-ec11-8c62-00224837de04" />
        <field name="axx_contactado" value="False" />
      </record>
      <record id="2f23bc29-ce43-ec11-8c62-00224837de04">
        <field name="axx_estadovd" value="6c7a8ede-a1e0-e911-a812-000d3ac17e18" lookupentity="axx_estadoventadirecta" lookupentityname="En trabajo" />
        <field name="axx_name" value="Falta documentaci&amp;#243;n /informaci&amp;#243;n" />
        <field name="axx_resultadosventadirectaid" value="2f23bc29-ce43-ec11-8c62-00224837de04" />
        <field name="axx_contactado" value="False" />
      </record>
      <record id="4cd2b62f-ce43-ec11-8c62-00224837de04">
        <field name="axx_estadovd" value="34cdab4e-a0e0-e911-a812-000d3ac17e18" lookupentity="axx_estadoventadirecta" lookupentityname="Cerrado" />
        <field name="axx_name" value="Rechazado por Cesvi" />
        <field name="axx_resultadosventadirectaid" value="4cd2b62f-ce43-ec11-8c62-00224837de04" />
        <field name="axx_contactado" value="False" />
      </record>
      <record id="9750623c-ce43-ec11-8c62-00224837de04">
        <field name="axx_estadovd" value="34cdab4e-a0e0-e911-a812-000d3ac17e18" lookupentity="axx_estadoventadirecta" lookupentityname="Cerrado" />
        <field name="axx_name" value="Rechazado por Base riesgosos" />
        <field name="axx_resultadosventadirectaid" value="9750623c-ce43-ec11-8c62-00224837de04" />
        <field name="axx_contactado" value="False" />
      </record>
      <record id="c75cce4e-ce43-ec11-8c62-00224837de04">
        <field name="axx_estadovd" value="34cdab4e-a0e0-e911-a812-000d3ac17e18" lookupentity="axx_estadoventadirecta" lookupentityname="Cerrado" />
        <field name="axx_name" value="Venta emitida autom&amp;#225;ticamente" />
        <field name="axx_resultadosventadirectaid" value="c75cce4e-ce43-ec11-8c62-00224837de04" />
        <field name="axx_contactado" value="False" />
      </record>
      <record id="6990b562-ce43-ec11-8c62-00224837de04">
        <field name="axx_estadovd" value="34cdab4e-a0e0-e911-a812-000d3ac17e18" lookupentity="axx_estadoventadirecta" lookupentityname="Cerrado" />
        <field name="axx_name" value="Sin efecto / falta de datos" />
        <field name="axx_resultadosventadirectaid" value="6990b562-ce43-ec11-8c62-00224837de04" />
        <field name="axx_contactado" value="False" />
      </record>
      <record id="b18ab86f-ce43-ec11-8c62-00224837de04">
        <field name="axx_estadovd" value="34cdab4e-a0e0-e911-a812-000d3ac17e18" lookupentity="axx_estadoventadirecta" lookupentityname="Cerrado" />
        <field name="axx_name" value="Error 400 – se contacta por fuera" />
        <field name="axx_resultadosventadirectaid" value="b18ab86f-ce43-ec11-8c62-00224837de04" />
        <field name="axx_contactado" value="False" />
      </record>
    </records>
    <m2mrelationships />
  </entity>
</entities>