{"name":"9beb6499-6e7b-42e6-bc05-306c3a8952f8","id":"/providers/Microsoft.Flow/flows/9beb6499-6e7b-42e6-bc05-306c3a8952f8","type":"Microsoft.Flow/flows","properties":{"apiId":"/providers/Microsoft.PowerApps/apis/shared_logicflows","displayName":"WEB - Cesvi CON ERROR","definition":{"metadata":{"workflowEntityId":null,"processAdvisorMetadata":null,"flowclientsuspensionreason":"None","flowclientsuspensiontime":null,"creator":{"id":"85af7612-9fb6-4f87-9016-f1b0fc508bc1","type":"User","tenantId":"7467615c-e7d5-466f-a80d-74a867d2e7fb"},"provisioningMethod":"FromDefinition","failureAlertSubscription":true,"clientLastModifiedTime":"2022-01-06T18:01:55.2032968Z"},"$schema":"https://schema.management.azure.com/providers/Microsoft.Logic/schemas/2016-06-01/workflowdefinition.json#","contentVersion":"1.0.0.0","parameters":{"$connections":{"defaultValue":{},"type":"Object"},"$authentication":{"defaultValue":{},"type":"SecureObject"}},"triggers":{"Al_crear_un_registro":{"recurrence":{"frequency":"Minute","interval":1},"splitOn":"@triggerBody()?['value']","metadata":{"flowSystemMetadata":{"swaggerOperationId":"GetOnNewItems_V2"},"operationMetadataId":"330de811-c1d9-4af8-aa82-7361a82eee85"},"type":"ApiConnection","inputs":{"host":{"connection":{"name":"@parameters('$connections')['shared_dynamicscrmonline']['connectionId']"},"api":{"runtimeUrl":"https://brazil-001.azure-apim.net/apim/dynamicscrmonline"}},"method":"get","path":"/v2/datasets/@{encodeURIComponent(encodeURIComponent('org6efeb8f8.crm2'))}/tables/@{encodeURIComponent(encodeURIComponent('emails'))}/onnewitems","authentication":"@parameters('$authentication')"}}},"actions":{"HtmlToText":{"runAfter":{},"metadata":{"flowSystemMetadata":{"swaggerOperationId":"HtmlToText"},"operationMetadataId":"09b2c7f6-9d11-48ad-b2c1-cb61341cbbb2"},"type":"ApiConnection","inputs":{"host":{"connection":{"name":"@parameters('$connections')['shared_conversionservice']['connectionId']"},"api":{"runtimeUrl":"https://brazil-001.azure-apim.net/apim/conversionservice"}},"method":"post","body":"<p>@{triggerBody()?['description']}</p>","path":"/html2text","authentication":"@parameters('$authentication')"}},"Emision_Automatica":{"actions":{"DNI":{"runAfter":{"NOMBRE":["Succeeded"]},"metadata":{"operationMetadataId":"0a122d65-bbbc-4f02-bf65-f07033fc33ff"},"type":"Compose","inputs":"@trim(replace(first(split(last(split(variables('varBody'),'>>DNI:')), ']')), '[', ''))"},"MAIL":{"runAfter":{"Validar_PersonaID":["Succeeded"]},"metadata":{"operationMetadataId":"4cdb71e3-69d8-45d8-bfca-323d4a073038"},"type":"Compose","inputs":"@trim(replace(first(split(last(split(variables('varBody'),'>>Mail:')), ']')), '[', ''))"},"NOMBRE":{"runAfter":{"APELLIDO":["Succeeded"]},"metadata":{"operationMetadataId":"17d93190-2b36-4a02-8dee-c7eec2ddb42a"},"type":"Compose","inputs":"@trim(first(skip(split(first(split(variables('varBody'),']')),'>>Nombre: ['),1)))"},"APELLIDO":{"runAfter":{},"metadata":{"operationMetadataId":"1afb6b94-e270-4d48-9d56-32915d15ff85"},"type":"Compose","inputs":"@trim(replace(first(split(last(split(variables('varBody'),'>>Apellido:')), ']')), '[', ''))"},"Celular":{"runAfter":{"Telefono":["Succeeded"]},"metadata":{"operationMetadataId":"30f10778-51ba-4fb1-aeaa-98ba3f963757"},"type":"Compose","inputs":"@trim(replace(first(split(last(split(variables('varBody'),'>>Celular:')), ']')), '[', ''))"},"Cotizacion":{"runAfter":{"Celular":["Succeeded"]},"metadata":{"operationMetadataId":"27de2cf8-9f03-4ca1-bcfd-1cf68fe2704c"},"type":"Compose","inputs":"@trim(replace(first(split(last(split(variables('varBody'),'>>Cotizacion:')), ']')), '[', ''))"},"FechaHora":{"runAfter":{"List_records":["Succeeded"]},"metadata":{"operationMetadataId":"e6413300-32b9-4371-8bdd-512153c58e38"},"type":"Compose","inputs":"@trim(replace(first(split(last(split(variables('varBody'),'>>Fecha:')), ']')), '[', ''))"},"Marca":{"runAfter":{"fechaCompuesta":["Succeeded"]},"metadata":{"operationMetadataId":"0470b4b8-6a7e-4773-8d51-c2c84e121e0a"},"type":"Compose","inputs":"@trim(replace(first(split(last(split(variables('varBody'),'>>Marca:')), ']')), '[', ''))"},"Modelo":{"runAfter":{"Marca":["Succeeded"]},"metadata":{"operationMetadataId":"312033fb-202c-4220-8e65-af0e5fd19788"},"type":"Compose","inputs":"@trim(replace(first(split(last(split(variables('varBody'),'>>Modelo:')), ']')), '[', ''))"},"Año":{"runAfter":{"Modelo":["Succeeded"]},"metadata":{"operationMetadataId":"d2c6c080-8ced-4fcb-b277-9b4d27807510"},"type":"Compose","inputs":"@trim(replace(first(split(last(split(variables('varBody'),'>>Ano de fabricacion:')), ']')), '[', ''))"},"0KM":{"runAfter":{"Año":["Succeeded"]},"metadata":{"operationMetadataId":"6ae36460-2898-4cb9-bd29-cabcf7299208"},"type":"Compose","inputs":"@trim(replace(first(split(last(split(variables('varBody'),'>>0KM:')), ']')), '[', ''))"},"Patente":{"runAfter":{"0KM":["Succeeded"]},"metadata":{"operationMetadataId":"3340283e-e390-4ac8-80f7-6e2158b80a5b"},"type":"Compose","inputs":"@trim(replace(first(split(last(split(variables('varBody'),'>>Patente:')), ']')), '[', ''))"},"Codigo_postal":{"runAfter":{"Patente":["Succeeded"]},"metadata":{"operationMetadataId":"31f98ebb-8c8d-42a8-9c9d-4f9a0912c84f"},"type":"Compose","inputs":"@trim(replace(first(split(last(split(variables('varBody'),'>>Codigo postal:')), ']')), '[', ''))"},"Telefono":{"runAfter":{"MAIL":["Succeeded"]},"metadata":{"operationMetadataId":"a68cd557-ffc6-4f4e-b92d-01bc6786facc"},"type":"Compose","inputs":"@trim(replace(first(split(last(split(variables('varBody'),'>>Telefono:')), ']')), '[', ''))"},"List_records":{"runAfter":{"numeroRamoLimpio":["Succeeded"]},"metadata":{"flowSystemMetadata":{"swaggerOperationId":"GetItems_V2"},"operationMetadataId":"18a8416a-a254-44ed-ae8a-665162364c2d"},"type":"ApiConnection","inputs":{"host":{"connection":{"name":"@parameters('$connections')['shared_commondataservice']['connectionId']"},"api":{"runtimeUrl":"https://brazil-001.azure-apim.net/apim/commondataservice"}},"method":"get","path":"/v2/datasets/@{encodeURIComponent(encodeURIComponent('default.cds'))}/tables/@{encodeURIComponent(encodeURIComponent('axx_ramos'))}/items","queries":{"$filter":"axx_codigo eq '@{outputs('numeroRamoLimpio')}'"},"authentication":"@parameters('$authentication')"}},"numeroRamoLimpio":{"runAfter":{"Cotizacion":["Succeeded"]},"metadata":{"operationMetadataId":"a183375d-e2ef-4617-8bbe-0e38d1edc522"},"type":"Compose","inputs":"@trim(replace(first(split(last(split(variables('varBody'),'>>Ramo:')), ']')), '[', ''))"},"Apply_to_each":{"foreach":"@body('List_records')?['value']","actions":{"Apply_to_each_3":{"foreach":"@body('List_rows')?['value']","actions":{"Create_a_new_record":{"runAfter":{},"metadata":{"flowSystemMetadata":{"swaggerOperationId":"PostItem_V2"},"operationMetadataId":"b928eb5b-222a-46ae-94f3-bbe115030db1"},"type":"ApiConnection","inputs":{"host":{"connection":{"name":"@parameters('$connections')['shared_commondataservice']['connectionId']"},"api":{"runtimeUrl":"https://brazil-001.azure-apim.net/apim/commondataservice"}},"method":"post","body":{"_axx_campanaorigen_value":"95c074da-2503-eb11-a813-000d3ac1703e","axx_0km":"@{outputs('0KM')}","axx_anofabricacion":"@{outputs('Año')}","axx_apellido":"@{outputs('APELLIDO')}","axx_canal":"@variables('Canal')","axx_celular":"@{outputs('Celular')}","axx_codigodeventa_text":"@items('Apply_to_each_3')?['axx_coddeventa']","axx_codigopostal":"@{outputs('Codigo_postal')}","axx_cotizacion":"@{outputs('Cotizacion')}","axx_documento":"@{outputs('DNI')}","axx_email":"@{outputs('MAIL')}","axx_fecha":"@{outputs('fechaCompuesta')}","axx_marca":"@{outputs('Marca')}","axx_modelo":"@{outputs('Modelo')}","axx_nombre":"@{outputs('NOMBRE')}","axx_patente":"@{outputs('Patente')}","axx_planseleccionado":"@{outputs('planSeleccionadoLimpio')}","axx_procesocontrol":"CON ERROR","axx_telefono":"@{outputs('Telefono')}","_axx_estadovd_value":"5add1e2a-62e1-e911-a812-000d3ac1703e","_axx_persona_value":"@variables('PersonaID')","_ownerid_type":"","_axx_ramo1_value":"@items('Apply_to_each')?['axx_ramoid']","_axx_resultado_value":"9638e7d3-a935-ec11-8c64-00224837d6ec","_axx_unidaddenegocios_value":"@items('Apply_to_each_3')?['_axx_unidadnegocio_value']"},"path":"/v2/datasets/@{encodeURIComponent(encodeURIComponent('default.cds'))}/tables/@{encodeURIComponent(encodeURIComponent('axx_ventadirectas'))}/items","authentication":"@parameters('$authentication')"}}},"runAfter":{},"metadata":{"operationMetadataId":"7d4dcea8-40a4-45d3-ad0c-8796bef64417"},"type":"Foreach"}},"runAfter":{"List_rows":["Succeeded"]},"metadata":{"operationMetadataId":"99cbaf0b-9c4a-43a2-a9e3-890b24e53099"},"type":"Foreach"},"planSeleccionadoCrudo":{"runAfter":{"Codigo_postal":["Succeeded"]},"metadata":{"operationMetadataId":"063ace91-0345-46fa-b8c7-e8f330184ab2"},"type":"Compose","inputs":"@trim(replace(first(split(last(split(variables('varBody'),'>>Plan seleccionado:')), ']')), '[', ''))"},"planSeleccionadoLimpio":{"runAfter":{"planSeleccionadoCrudo":["Succeeded"]},"metadata":{"operationMetadataId":"19cfe065-720e-4d47-a041-056e876ce418"},"type":"Compose","inputs":"@replace(outputs('planSeleccionadoCrudo'),']: [',' - ')"},"List_records_2":{"runAfter":{"DNI":["Succeeded"]},"metadata":{"flowSystemMetadata":{"swaggerOperationId":"GetItems_V2"},"operationMetadataId":"494f0413-acda-46f5-8a82-10b2e6ed37de"},"type":"ApiConnection","inputs":{"host":{"connection":{"name":"@parameters('$connections')['shared_commondataservice']['connectionId']"},"api":{"runtimeUrl":"https://brazil-001.azure-apim.net/apim/commondataservice"}},"method":"get","path":"/v2/datasets/@{encodeURIComponent(encodeURIComponent('default.cds'))}/tables/@{encodeURIComponent(encodeURIComponent('accounts'))}/items","queries":{"$filter":"axx_numerodocumento eq '@{outputs('DNI')}'"},"authentication":"@parameters('$authentication')"}},"Condition":{"actions":{},"runAfter":{"Apply_to_each_2":["Succeeded"]},"else":{"actions":{"idPersonaEncontrada":{"runAfter":{},"metadata":{"operationMetadataId":"f2ebb9b9-a058-4198-9b51-ad4d3bfbe2fc"},"type":"Compose","inputs":"@string(outputs('idPersona'))"},"idPersonaEncoRecompuesto":{"runAfter":{"idPersonaEncontrada":["Succeeded"]},"metadata":{"operationMetadataId":"6e0d409f-928b-4e9c-8ad9-d9f8180d212c"},"type":"Compose","inputs":"@first(skip(split(first(split(outputs('idPersonaEncontrada'),'\"]')),'[\"'),1))"},"Seteo_PersonaID":{"runAfter":{"idPersonaEncoRecompuesto":["Succeeded"]},"metadata":{"operationMetadataId":"5c6bdb12-1c96-4330-bdd7-123dee64bd5b"},"type":"SetVariable","inputs":{"name":"PersonaID","value":"@{outputs('idPersonaEncoRecompuesto')}"}}}},"expression":{"equals":["@outputs('idPersona')","[]"]},"metadata":{"operationMetadataId":"6a1e61cd-f056-4005-bd7a-6587cd7cda00"},"type":"If"},"Apply_to_each_2":{"foreach":"@body('List_records_2')?['value']","actions":{"idPersona":{"runAfter":{},"metadata":{"operationMetadataId":"9e75ab2b-67b5-4521-85d0-5b1c337d21ba"},"type":"Compose","inputs":"@items('Apply_to_each_2')?['accountid']"}},"runAfter":{"List_records_2":["Succeeded"]},"metadata":{"operationMetadataId":"f96a6597-b67c-477b-9430-caa5b36c26bc"},"type":"Foreach"},"Fecha":{"runAfter":{"FechaHora":["Succeeded"]},"metadata":{"operationMetadataId":"f22df48c-f03e-4043-9a1e-f63d1722d6a2"},"type":"Compose","inputs":"@first(split(outputs('FechaHora'),' '))"},"Hora":{"runAfter":{"año2":["Succeeded"]},"metadata":{"operationMetadataId":"a9f22fb8-a76b-4036-b312-933cdc701124"},"type":"Compose","inputs":"@last(array(split(outputs('FechaHora'),' ')))"},"dia":{"runAfter":{"Fecha":["Succeeded"]},"metadata":{"operationMetadataId":"d74126aa-d94d-44e9-b232-7c09e2b3a98c"},"type":"Compose","inputs":"@first(split(outputs('Fecha'),'/'))"},"año2":{"runAfter":{"mes":["Succeeded"]},"metadata":{"operationMetadataId":"d2919136-5935-4732-9af6-a18b5eb2e60c"},"type":"Compose","inputs":"@last(split(outputs('Fecha'),'/'))"},"mes":{"runAfter":{"dia":["Succeeded"]},"metadata":{"operationMetadataId":"b649167a-574f-43d8-9ffa-1f010182574b"},"type":"Compose","inputs":"@first(skip(split(outputs('Fecha'),'/'),1))"},"fechaCompuesta":{"runAfter":{"SSOK":["Succeeded"]},"metadata":{"operationMetadataId":"25326730-86ae-4a68-8008-ee2a19971c13"},"type":"Compose","inputs":"@concat(outputs('año2'),'-',outputs('mes'),'-',outputs('dia'),'T',outputs('HHOK'), ':',outputs('MMOK'), ':', outputs('SSOK'),'.0000000Z')"},"List_rows":{"runAfter":{"planSeleccionadoLimpio":["Succeeded"]},"metadata":{"flowSystemMetadata":{"swaggerOperationId":"GetItems_V2"},"operationMetadataId":"c7e085a0-4b52-49f0-a7b7-d9e393604aa9"},"type":"ApiConnection","inputs":{"host":{"connection":{"name":"@parameters('$connections')['shared_commondataservice']['connectionId']"},"api":{"runtimeUrl":"https://brazil-001.azure-apim.net/apim/commondataservice"}},"method":"get","path":"/v2/datasets/@{encodeURIComponent(encodeURIComponent('default.cds'))}/tables/@{encodeURIComponent(encodeURIComponent('axx_cdigosdeventacps'))}/items","queries":{"$filter":"(axx_codigopostal eq '@{outputs('Codigo_postal')}')"},"authentication":"@parameters('$authentication')"}},"HH":{"runAfter":{"Hora":["Succeeded"]},"metadata":{"operationMetadataId":"9e09ac99-261a-4c4c-9bef-f749fb6b36c9"},"type":"Compose","inputs":"@first(split(outputs('Hora'),':'))"},"MM":{"runAfter":{"HH":["Succeeded"]},"metadata":{"operationMetadataId":"ef982932-0687-44ce-9064-5986372e11bd"},"type":"Compose","inputs":"@first(skip(split(outputs('Hora'),':'),1))"},"SS":{"runAfter":{"MM":["Succeeded"]},"metadata":{"operationMetadataId":"cd7b90fe-f941-4879-8d6e-3be183e7d882"},"type":"Compose","inputs":"@first(skip(split(outputs('Hora'),':'),2))"},"HHOK":{"runAfter":{"SS":["Succeeded"]},"metadata":{"operationMetadataId":"1c9dff12-a755-4aca-9215-205e1a4d42aa"},"type":"Compose","inputs":"@if(equals(1, length(outputs('HH'))), concat('0', outputs('HH')), outputs('HH'))"},"MMOK":{"runAfter":{"HHOK":["Succeeded"]},"metadata":{"operationMetadataId":"9f0e0142-54a3-427f-8dc0-3537c77d62c3"},"type":"Compose","inputs":"@if(equals(1, length(outputs('MM'))), concat('0', outputs('MM')), outputs('MM'))"},"SSOK":{"runAfter":{"MMOK":["Succeeded"]},"metadata":{"operationMetadataId":"58a4d41e-2477-4992-bb75-14f4d122bef0"},"type":"Compose","inputs":"@if(equals(1, length(outputs('SS'))), concat('0', outputs('SS')), outputs('SS'))"},"Validar_PersonaID":{"actions":{"Establecer_variable_3":{"runAfter":{},"metadata":{"operationMetadataId":"ca2fcb15-29ce-42ec-b56b-b1d8f41517fc"},"type":"SetVariable","inputs":{"name":"PersonaID","value":"@variables('NULL')"}}},"runAfter":{"Condition":["Succeeded"]},"expression":{"contains":["@variables('PersonaID')",","]},"metadata":{"operationMetadataId":"b060c3dd-cb54-4ee4-9d8a-f2e1e63da137"},"type":"If"}},"runAfter":{"Revisar_Asunto_Facebook_(Canal)":["Succeeded"]},"else":{"actions":{"Terminate":{"runAfter":{},"metadata":{"operationMetadataId":"301eabce-0ec0-43ef-91a4-7693d9fa6425"},"type":"Terminate","inputs":{"runStatus":"Cancelled"}}}},"expression":{"and":[{"or":[{"startsWith":["@triggerBody()?['subject']","Controlar / Emitir poliza - Generado en: CONTINENTE  -  RECPROD - Generado en: RECPROD"]},{"startsWith":["@triggerBody()?['subject']","Controlar / Emitir poliza - Generado en: OMNICANALIDAD - WHATSAPP"]},{"startsWith":["@triggerBody()?['subject']","Controlar / Emitir poliza - Generado en: OMNICANALIDAD - FACEBOOK"]}]},{"equals":["@variables('Estado')","CON ERRORES"]}]},"metadata":{"operationMetadataId":"e5abbcf6-b643-4846-ada2-af41b8f7a360"},"type":"If"},"Initialize_variable":{"runAfter":{"Inicializar_PersonaID":["Succeeded"]},"metadata":{"operationMetadataId":"5b2f123c-a5c0-42f6-b5cb-bfcf4daf5c36"},"type":"InitializeVariable","inputs":{"variables":[{"name":"varBody","type":"string","value":"@{uriComponentToString(replace(replace(uriComponent(body('HtmlToText')), '%0A', ''), '%C2%A0', ''))}"}]}},"Inicializar_variable":{"runAfter":{"Initialize_variable":["Succeeded"]},"metadata":{"operationMetadataId":"4d6fd4c1-4c3b-4384-8c96-52f8620c6611"},"type":"InitializeVariable","inputs":{"variables":[{"name":"Estado","type":"string","value":"@{trim(replace(first(split(last(split(variables('varBody'),'>>Estado de la interface:')), ']')), '[', ''))}"}]}},"Inicializar_Canal_(default_Cliente_Final)":{"runAfter":{"Inicializar_variable":["Succeeded"]},"metadata":{"operationMetadataId":"a3a634f2-323e-4ef4-a60e-63546d919a5b"},"type":"InitializeVariable","inputs":{"variables":[{"name":"Canal","type":"integer","value":282270001}]}},"Revisar_Asunto_WhatsApp_(Canal)":{"actions":{"Establecer_variable":{"runAfter":{},"metadata":{"operationMetadataId":"174d07f3-92e2-4362-9ad9-205bada61933"},"type":"SetVariable","inputs":{"name":"Canal","value":282270000}}},"runAfter":{"Inicializar_Canal_(default_Cliente_Final)":["Succeeded"]},"expression":{"contains":["@triggerBody()?['subject']","WHATSAPP"]},"metadata":{"operationMetadataId":"93bead2e-8389-4adc-b101-f433e1d7c087"},"type":"If"},"Revisar_Asunto_Facebook_(Canal)":{"actions":{"Establecer_variable_2":{"runAfter":{},"metadata":{"operationMetadataId":"3c1a1a12-36e5-4cdc-8dbb-6c805c41b8a3"},"type":"SetVariable","inputs":{"name":"Canal","value":282270002}}},"runAfter":{"Revisar_Asunto_WhatsApp_(Canal)":["Succeeded"]},"expression":{"contains":["@triggerBody()?['subject']","FACEBOOK"]},"metadata":{"operationMetadataId":"f9495d6a-181e-42b4-994a-cd677fd5bd6c"},"type":"If"},"Inicializar_variable_vacia":{"runAfter":{"HtmlToText":["Succeeded"]},"metadata":{"operationMetadataId":"c477174e-6b99-40d6-9f7c-dedb82500e7b"},"type":"InitializeVariable","inputs":{"variables":[{"name":"NULL","type":"string"}]}},"Inicializar_PersonaID":{"runAfter":{"Inicializar_variable_vacia":["Succeeded"]},"metadata":{"operationMetadataId":"4839c830-4e94-4987-aa24-a049d0f560e6"},"type":"InitializeVariable","inputs":{"variables":[{"name":"PersonaID","type":"string"}]}}}},"connectionReferences":{"shared_conversionservice":{"connectionName":"shared-conversionser-922317a8-96c4-4b24-acc5-567a-47c6717d","source":"Embedded","id":"/providers/Microsoft.PowerApps/apis/shared_conversionservice","tier":"NotSpecified"},"shared_commondataservice":{"connectionName":"shared-commondataser-e71ec140-34a4-4736-96d7-2e9d-922081e2","source":"Embedded","id":"/providers/Microsoft.PowerApps/apis/shared_commondataservice","tier":"NotSpecified"},"shared_dynamicscrmonline":{"connectionName":"shared-dynamicscrmon-887dbcc3-d558-40d5-bc71-b8c8-1e331792","source":"Embedded","id":"/providers/Microsoft.PowerApps/apis/shared_dynamicscrmonline","tier":"NotSpecified"}},"flowFailureAlertSubscribed":false}}