<ImportExportXml version="9.2.21112.125" SolutionPackageVersion="9.2" languagecode="3082" generatedBy="CrmLive" xmlns:xsi="http://www.w3.org/2001/XMLSchema-instance">
  <SolutionManifest>
    <UniqueName>solucionVentaDirecta_Emisiones</UniqueName>
    <LocalizedNames>
      <LocalizedName description="solucionVentaDirecta_Emisiones" languagecode="3082" />
    </LocalizedNames>
    <Descriptions />
    <Version>1.0.0</Version>
    <Managed>1</Managed>
    <Publisher>
      <UniqueName>axxonconsulting</UniqueName>
      <LocalizedNames>
        <LocalizedName description="Axxon Consulting" languagecode="3082" />
      </LocalizedNames>
      <Descriptions />
      <EMailAddress xsi:nil="true"></EMailAddress>
      <SupportingWebsiteUrl xsi:nil="true"></SupportingWebsiteUrl>
      <CustomizationPrefix>axx</CustomizationPrefix>
      <CustomizationOptionValuePrefix>28227</CustomizationOptionValuePrefix>
      <Addresses>
        <Address>
          <AddressNumber>1</AddressNumber>
          <AddressTypeCode>1</AddressTypeCode>
          <City xsi:nil="true"></City>
          <County xsi:nil="true"></County>
          <Country xsi:nil="true"></Country>
          <Fax xsi:nil="true"></Fax>
          <FreightTermsCode xsi:nil="true"></FreightTermsCode>
          <ImportSequenceNumber xsi:nil="true"></ImportSequenceNumber>
          <Latitude xsi:nil="true"></Latitude>
          <Line1 xsi:nil="true"></Line1>
          <Line2 xsi:nil="true"></Line2>
          <Line3 xsi:nil="true"></Line3>
          <Longitude xsi:nil="true"></Longitude>
          <Name xsi:nil="true"></Name>
          <PostalCode xsi:nil="true"></PostalCode>
          <PostOfficeBox xsi:nil="true"></PostOfficeBox>
          <PrimaryContactName xsi:nil="true"></PrimaryContactName>
          <ShippingMethodCode>1</ShippingMethodCode>
          <StateOrProvince xsi:nil="true"></StateOrProvince>
          <Telephone1 xsi:nil="true"></Telephone1>
          <Telephone2 xsi:nil="true"></Telephone2>
          <Telephone3 xsi:nil="true"></Telephone3>
          <TimeZoneRuleVersionNumber xsi:nil="true"></TimeZoneRuleVersionNumber>
          <UPSZone xsi:nil="true"></UPSZone>
          <UTCOffset xsi:nil="true"></UTCOffset>
          <UTCConversionTimeZoneCode xsi:nil="true"></UTCConversionTimeZoneCode>
        </Address>
        <Address>
          <AddressNumber>2</AddressNumber>
          <AddressTypeCode>1</AddressTypeCode>
          <City xsi:nil="true"></City>
          <County xsi:nil="true"></County>
          <Country xsi:nil="true"></Country>
          <Fax xsi:nil="true"></Fax>
          <FreightTermsCode xsi:nil="true"></FreightTermsCode>
          <ImportSequenceNumber xsi:nil="true"></ImportSequenceNumber>
          <Latitude xsi:nil="true"></Latitude>
          <Line1 xsi:nil="true"></Line1>
          <Line2 xsi:nil="true"></Line2>
          <Line3 xsi:nil="true"></Line3>
          <Longitude xsi:nil="true"></Longitude>
          <Name xsi:nil="true"></Name>
          <PostalCode xsi:nil="true"></PostalCode>
          <PostOfficeBox xsi:nil="true"></PostOfficeBox>
          <PrimaryContactName xsi:nil="true"></PrimaryContactName>
          <ShippingMethodCode>1</ShippingMethodCode>
          <StateOrProvince xsi:nil="true"></StateOrProvince>
          <Telephone1 xsi:nil="true"></Telephone1>
          <Telephone2 xsi:nil="true"></Telephone2>
          <Telephone3 xsi:nil="true"></Telephone3>
          <TimeZoneRuleVersionNumber xsi:nil="true"></TimeZoneRuleVersionNumber>
          <UPSZone xsi:nil="true"></UPSZone>
          <UTCOffset xsi:nil="true"></UTCOffset>
          <UTCConversionTimeZoneCode xsi:nil="true"></UTCConversionTimeZoneCode>
        </Address>
      </Addresses>
    </Publisher>
    <RootComponents>
      <RootComponent type="1" schemaName="axx_bloqueousuariocampania" behavior="0" />
      <RootComponent type="1" schemaName="axx_ventadirecta" behavior="1" />
      <RootComponent type="20" id="{5471674b-47cc-ea11-a812-000d3ac1703e}" behavior="0" />
      <RootComponent type="20" id="{cea3b285-6ae0-e911-a812-000d3ac17e18}" behavior="0" />
      <RootComponent type="29" id="{72574bbf-95ed-4bf1-b028-19e77f7a56a2}" behavior="0" />
      <RootComponent type="61" schemaName="axx_BloqueoUsuarioCampania" behavior="0" />
      <RootComponent type="61" schemaName="axx_ventaDirecta" behavior="0" />
    </RootComponents>
    <MissingDependencies>
      <MissingDependency>
        <Required type="1" schemaName="axx_codigosventa" displayName="Códigos Venta" solution="Active" />
        <Dependent type="60" displayName="Información" parentDisplayName="Venta" id="{78d55690-58a8-42ec-a819-7ee445b855fa}" />
      </MissingDependency>
      <MissingDependency>
        <Required type="1" schemaName="axx_estadoventadirecta" displayName="Estado Venta Directa" solution="Active" />
        <Dependent type="29" displayName="Historial llamada de teléfono" id="{72574bbf-95ed-4bf1-b028-19e77f7a56a2}" />
      </MissingDependency>
      <MissingDependency>
        <Required type="1" schemaName="axx_resultadosventadirecta" displayName="Resultados Venta Directa" solution="Active" />
        <Dependent type="60" displayName="Información" parentDisplayName="Venta" id="{78d55690-58a8-42ec-a819-7ee445b855fa}" />
      </MissingDependency>
      <MissingDependency>
        <Required type="1" schemaName="axx_ventadirecta" displayName="Venta" solution="Active" />
        <Dependent type="1" schemaName="axx_ventadirecta" displayName="Venta" />
      </MissingDependency>
      <MissingDependency>
        <Required type="1" schemaName="campaign" displayName="Campaña" solution="msdynce_Marketing (9.0.4.37)">
          <package>msdynce_MarketingAnchor (9.0.21111.10001)</package>
        </Required>
        <Dependent type="10" schemaName="axx_campaign_axx_bloqueousuariocampania_campania" displayName="axx_campaign_axx_bloqueousuariocampania_campania" parentSchemaName="campaign" parentDisplayName="Campaña" />
      </MissingDependency>
      <MissingDependency>
        <Required type="10" schemaName="axx_account_axx_ventadirecta_Persona" displayName="axx_account_axx_ventadirecta_Persona" parentSchemaName="account" parentDisplayName="Persona" solution="Active" />
        <Dependent type="29" displayName="Historial llamada de teléfono" id="{72574bbf-95ed-4bf1-b028-19e77f7a56a2}" />
      </MissingDependency>
      <MissingDependency>
        <Required type="10" schemaName="axx_account_axx_ventadirecta_Persona" displayName="axx_account_axx_ventadirecta_Persona" parentSchemaName="account" parentDisplayName="Persona" solution="Active" />
        <Dependent type="60" displayName="Información" parentDisplayName="Venta" id="{78d55690-58a8-42ec-a819-7ee445b855fa}" />
      </MissingDependency>
      <MissingDependency>
        <Required type="10" schemaName="axx_axx_codigosventa_axx_ventadirecta_CodigodeVenta" displayName="axx_axx_codigosventa_axx_ventadirecta_CodigodeVenta" parentSchemaName="axx_codigosventa" parentDisplayName="Códigos Venta" solution="Active" />
        <Dependent type="60" displayName="Información" parentDisplayName="Venta" id="{78d55690-58a8-42ec-a819-7ee445b855fa}" />
      </MissingDependency>
      <MissingDependency>
        <Required type="10" schemaName="axx_axx_estadoventadirecta_axx_resultadosventadirecta_EstadoVD" displayName="axx_axx_estadoventadirecta_axx_resultadosventadirecta_EstadoVD" parentSchemaName="axx_estadoventadirecta" parentDisplayName="Estado Venta Directa" solution="Active" />
        <Dependent type="60" displayName="Información" parentDisplayName="Venta" id="{78d55690-58a8-42ec-a819-7ee445b855fa}" />
      </MissingDependency>
      <MissingDependency>
        <Required type="10" schemaName="axx_axx_estadoventadirecta_axx_ventadirecta_EstadoVD" displayName="axx_axx_estadoventadirecta_axx_ventadirecta_EstadoVD" parentSchemaName="axx_estadoventadirecta" parentDisplayName="Estado Venta Directa" solution="Active" />
        <Dependent type="60" displayName="Información" parentDisplayName="Venta" id="{78d55690-58a8-42ec-a819-7ee445b855fa}" />
      </MissingDependency>
      <MissingDependency>
        <Required type="10" schemaName="axx_axx_ramo_axx_ventadirecta_Ramo1" displayName="axx_axx_ramo_axx_ventadirecta_Ramo1" parentSchemaName="axx_ramo" parentDisplayName="Ramo" solution="Active" />
        <Dependent type="60" displayName="Información" parentDisplayName="Venta" id="{78d55690-58a8-42ec-a819-7ee445b855fa}" />
      </MissingDependency>
      <MissingDependency>
        <Required type="10" schemaName="axx_axx_resultadosventadirecta_axx_ventadirecta_Resultado" displayName="axx_axx_resultadosventadirecta_axx_ventadirecta_Resultado" parentSchemaName="axx_resultadosventadirecta" parentDisplayName="Resultados Venta Directa" solution="Active" />
        <Dependent type="60" displayName="Información" parentDisplayName="Venta" id="{78d55690-58a8-42ec-a819-7ee445b855fa}" />
      </MissingDependency>
      <MissingDependency>
        <Required type="10" schemaName="axx_axx_ventadirecta_phonecall" displayName="axx_axx_ventadirecta_phonecall" parentSchemaName="axx_ventadirecta" parentDisplayName="Venta" solution="Active" />
        <Dependent type="60" displayName="Información" parentDisplayName="Venta" id="{78d55690-58a8-42ec-a819-7ee445b855fa}" />
      </MissingDependency>
      <MissingDependency>
        <Required type="10" schemaName="msdyn_axx_ventadirecta" displayName="msdyn_axx_ventadirecta" parentSchemaName="axx_ventadirecta" parentDisplayName="Venta" solution="Active" />
        <Dependent type="60" displayName="Información" parentDisplayName="Venta" id="{78d55690-58a8-42ec-a819-7ee445b855fa}" />
      </MissingDependency>
      <MissingDependency>
        <Required type="10" schemaName="axx_businessunit_axx_ventadirecta_unidaddenegocios" displayName="axx_businessunit_axx_ventadirecta_unidaddenegocios" parentSchemaName="businessunit" parentDisplayName="Unidad de negocio" solution="Active" />
        <Dependent type="60" displayName="Información" parentDisplayName="Venta" id="{78d55690-58a8-42ec-a819-7ee445b855fa}" />
      </MissingDependency>
      <MissingDependency>
        <Required type="10" schemaName="axx_campaign_axx_ventadirecta_CampanaOrigen" displayName="axx_campaign_axx_ventadirecta_CampanaOrigen" parentSchemaName="campaign" parentDisplayName="Campaña" solution="Active" />
        <Dependent type="60" displayName="Información" parentDisplayName="Venta" id="{78d55690-58a8-42ec-a819-7ee445b855fa}" />
      </MissingDependency>
      <MissingDependency>
        <Required type="10" schemaName="axx_systemuser_axx_ventadirecta_UsuarioActual" displayName="axx_systemuser_axx_ventadirecta_UsuarioActual" parentSchemaName="systemuser" parentDisplayName="Usuario" solution="Active" />
        <Dependent type="60" displayName="Información" parentDisplayName="Venta" id="{78d55690-58a8-42ec-a819-7ee445b855fa}" />
      </MissingDependency>
      <MissingDependency>
        <Required type="10" schemaName="axx_systemuser_axx_ventadirecta_Vendedor" displayName="axx_systemuser_axx_ventadirecta_Vendedor" parentSchemaName="systemuser" parentDisplayName="Usuario" solution="Active" />
        <Dependent type="60" displayName="Información" parentDisplayName="Venta" id="{78d55690-58a8-42ec-a819-7ee445b855fa}" />
      </MissingDependency>
      <MissingDependency>
        <Required type="2" schemaName="axx_localidadcp" displayName="Localidad &amp; CP" parentSchemaName="axx_codigosventa" parentDisplayName="Códigos Venta" solution="Active" />
        <Dependent type="60" displayName="Información" parentDisplayName="Venta" id="{78d55690-58a8-42ec-a819-7ee445b855fa}" />
      </MissingDependency>
      <MissingDependency>
        <Required type="2" schemaName="axx_estadoventadirectaid" displayName="Estado Venta Directa" parentSchemaName="axx_estadoventadirecta" parentDisplayName="Estado Venta Directa" solution="Active" />
        <Dependent type="29" displayName="Historial llamada de teléfono" id="{72574bbf-95ed-4bf1-b028-19e77f7a56a2}" />
      </MissingDependency>
      <MissingDependency>
        <Required type="2" schemaName="axx_name" displayName="Nombre" parentSchemaName="axx_estadoventadirecta" parentDisplayName="Estado Venta Directa" solution="Active" />
        <Dependent type="29" displayName="Historial llamada de teléfono" id="{72574bbf-95ed-4bf1-b028-19e77f7a56a2}" />
      </MissingDependency>
      <MissingDependency>
        <Required type="2" schemaName="axx_0km" displayName="0KM" parentSchemaName="axx_ventadirecta" parentDisplayName="Venta" solution="Active" />
        <Dependent type="60" displayName="Información" parentDisplayName="Venta" id="{78d55690-58a8-42ec-a819-7ee445b855fa}" />
      </MissingDependency>
      <MissingDependency>
        <Required type="2" schemaName="axx_anofabricacion" displayName="Año Fabricación" parentSchemaName="axx_ventadirecta" parentDisplayName="Venta" solution="Active" />
        <Dependent type="60" displayName="Información" parentDisplayName="Venta" id="{78d55690-58a8-42ec-a819-7ee445b855fa}" />
      </MissingDependency>
      <MissingDependency>
        <Required type="2" schemaName="axx_apellido" displayName="Apellido" parentSchemaName="axx_ventadirecta" parentDisplayName="Venta" solution="Active" />
        <Dependent type="29" displayName="Historial llamada de teléfono" id="{72574bbf-95ed-4bf1-b028-19e77f7a56a2}" />
      </MissingDependency>
      <MissingDependency>
        <Required type="2" schemaName="axx_apellido" displayName="Apellido" parentSchemaName="axx_ventadirecta" parentDisplayName="Venta" solution="Active" />
        <Dependent type="60" displayName="Información" parentDisplayName="Venta" id="{78d55690-58a8-42ec-a819-7ee445b855fa}" />
      </MissingDependency>
      <MissingDependency>
        <Required type="2" schemaName="axx_campanaorigen" displayName="Campaña Origen" parentSchemaName="axx_ventadirecta" parentDisplayName="Venta" solution="Active" />
        <Dependent type="29" displayName="Historial llamada de teléfono" id="{72574bbf-95ed-4bf1-b028-19e77f7a56a2}" />
      </MissingDependency>
      <MissingDependency>
        <Required type="2" schemaName="axx_campanaorigen" displayName="Campaña Origen" parentSchemaName="axx_ventadirecta" parentDisplayName="Venta" solution="Active" />
        <Dependent type="60" displayName="Información" parentDisplayName="Venta" id="{78d55690-58a8-42ec-a819-7ee445b855fa}" />
      </MissingDependency>
      <MissingDependency>
        <Required type="2" schemaName="axx_canal" displayName="Canal" parentSchemaName="axx_ventadirecta" parentDisplayName="Venta" solution="Active" />
        <Dependent type="60" displayName="Información" parentDisplayName="Venta" id="{78d55690-58a8-42ec-a819-7ee445b855fa}" />
      </MissingDependency>
      <MissingDependency>
        <Required type="2" schemaName="axx_celular" displayName="Celular" parentSchemaName="axx_ventadirecta" parentDisplayName="Venta" solution="Active" />
        <Dependent type="60" displayName="Información" parentDisplayName="Venta" id="{78d55690-58a8-42ec-a819-7ee445b855fa}" />
      </MissingDependency>
      <MissingDependency>
        <Required type="2" schemaName="axx_chasis" displayName="Chasis" parentSchemaName="axx_ventadirecta" parentDisplayName="Venta" solution="Active" />
        <Dependent type="60" displayName="Información" parentDisplayName="Venta" id="{78d55690-58a8-42ec-a819-7ee445b855fa}" />
      </MissingDependency>
      <MissingDependency>
        <Required type="2" schemaName="axx_codigodeventa" displayName="Código de Venta" parentSchemaName="axx_ventadirecta" parentDisplayName="Venta" solution="Active" />
        <Dependent type="60" displayName="Información" parentDisplayName="Venta" id="{78d55690-58a8-42ec-a819-7ee445b855fa}" />
      </MissingDependency>
      <MissingDependency>
        <Required type="2" schemaName="axx_codigodeventa_text" displayName="Código de Venta t" parentSchemaName="axx_ventadirecta" parentDisplayName="Venta" solution="Active" />
        <Dependent type="60" displayName="Información" parentDisplayName="Venta" id="{78d55690-58a8-42ec-a819-7ee445b855fa}" />
      </MissingDependency>
      <MissingDependency>
        <Required type="2" schemaName="axx_codigopostal" displayName="Código Postal" parentSchemaName="axx_ventadirecta" parentDisplayName="Venta" solution="Active" />
        <Dependent type="60" displayName="Información" parentDisplayName="Venta" id="{78d55690-58a8-42ec-a819-7ee445b855fa}" />
      </MissingDependency>
      <MissingDependency>
        <Required type="2" schemaName="axx_contadorintentos" displayName="Intentos" parentSchemaName="axx_ventadirecta" parentDisplayName="Venta" solution="Active" />
        <Dependent type="60" displayName="Información" parentDisplayName="Venta" id="{78d55690-58a8-42ec-a819-7ee445b855fa}" />
      </MissingDependency>
      <MissingDependency>
        <Required type="2" schemaName="axx_contadorintentos_date" displayName="Contador de Intentos (fecha de última actualización)" parentSchemaName="axx_ventadirecta" parentDisplayName="Venta" solution="Active" />
        <Dependent type="60" displayName="Información" parentDisplayName="Venta" id="{78d55690-58a8-42ec-a819-7ee445b855fa}" />
      </MissingDependency>
      <MissingDependency>
        <Required type="2" schemaName="axx_cotizacion" displayName="Cotizacion" parentSchemaName="axx_ventadirecta" parentDisplayName="Venta" solution="Active" />
        <Dependent type="60" displayName="Información" parentDisplayName="Venta" id="{78d55690-58a8-42ec-a819-7ee445b855fa}" />
      </MissingDependency>
      <MissingDependency>
        <Required type="2" schemaName="axx_descripcion" displayName="Observaciones" parentSchemaName="axx_ventadirecta" parentDisplayName="Venta" solution="Active" />
        <Dependent type="29" displayName="Historial llamada de teléfono" id="{72574bbf-95ed-4bf1-b028-19e77f7a56a2}" />
      </MissingDependency>
      <MissingDependency>
        <Required type="2" schemaName="axx_descripcion" displayName="Observaciones" parentSchemaName="axx_ventadirecta" parentDisplayName="Venta" solution="Active" />
        <Dependent type="60" displayName="Información" parentDisplayName="Venta" id="{78d55690-58a8-42ec-a819-7ee445b855fa}" />
      </MissingDependency>
      <MissingDependency>
        <Required type="2" schemaName="axx_detalle" displayName="Detalle" parentSchemaName="axx_ventadirecta" parentDisplayName="Venta" solution="Active" />
        <Dependent type="60" displayName="Información" parentDisplayName="Venta" id="{78d55690-58a8-42ec-a819-7ee445b855fa}" />
      </MissingDependency>
      <MissingDependency>
        <Required type="2" schemaName="axx_documento" displayName="Documento" parentSchemaName="axx_ventadirecta" parentDisplayName="Venta" solution="Active" />
        <Dependent type="60" displayName="Información" parentDisplayName="Venta" id="{78d55690-58a8-42ec-a819-7ee445b855fa}" />
      </MissingDependency>
      <MissingDependency>
        <Required type="2" schemaName="axx_email" displayName="Email" parentSchemaName="axx_ventadirecta" parentDisplayName="Venta" solution="Active" />
        <Dependent type="60" displayName="Información" parentDisplayName="Venta" id="{78d55690-58a8-42ec-a819-7ee445b855fa}" />
      </MissingDependency>
      <MissingDependency>
        <Required type="2" schemaName="axx_estadotexto" displayName="estadoTexto" parentSchemaName="axx_ventadirecta" parentDisplayName="Venta" solution="Active" />
        <Dependent type="60" displayName="Información" parentDisplayName="Venta" id="{78d55690-58a8-42ec-a819-7ee445b855fa}" />
      </MissingDependency>
      <MissingDependency>
        <Required type="2" schemaName="axx_estadovd" displayName="Estado" parentSchemaName="axx_ventadirecta" parentDisplayName="Venta" solution="Active" />
        <Dependent type="29" displayName="Historial llamada de teléfono" id="{72574bbf-95ed-4bf1-b028-19e77f7a56a2}" />
      </MissingDependency>
      <MissingDependency>
        <Required type="2" schemaName="axx_estadovd" displayName="Estado" parentSchemaName="axx_ventadirecta" parentDisplayName="Venta" solution="Active" />
        <Dependent type="60" displayName="Información" parentDisplayName="Venta" id="{78d55690-58a8-42ec-a819-7ee445b855fa}" />
      </MissingDependency>
      <MissingDependency>
        <Required type="2" schemaName="axx_fecha" displayName="F. Alta Pedido Emisión" parentSchemaName="axx_ventadirecta" parentDisplayName="Venta" solution="Active" />
        <Dependent type="60" displayName="Información" parentDisplayName="Venta" id="{78d55690-58a8-42ec-a819-7ee445b855fa}" />
      </MissingDependency>
      <MissingDependency>
        <Required type="2" schemaName="axx_fechahoy" displayName="Fecha de Hoy" parentSchemaName="axx_ventadirecta" parentDisplayName="Venta" solution="Active" />
        <Dependent type="60" displayName="Información" parentDisplayName="Venta" id="{78d55690-58a8-42ec-a819-7ee445b855fa}" />
      </MissingDependency>
      <MissingDependency>
        <Required type="2" schemaName="axx_fechallamadaagendar" displayName="Llamar el" parentSchemaName="axx_ventadirecta" parentDisplayName="Venta" solution="Active" />
        <Dependent type="29" displayName="Historial llamada de teléfono" id="{72574bbf-95ed-4bf1-b028-19e77f7a56a2}" />
      </MissingDependency>
      <MissingDependency>
        <Required type="2" schemaName="axx_fechallamadaagendar" displayName="Llamar el" parentSchemaName="axx_ventadirecta" parentDisplayName="Venta" solution="Active" />
        <Dependent type="60" displayName="Información" parentDisplayName="Venta" id="{78d55690-58a8-42ec-a819-7ee445b855fa}" />
      </MissingDependency>
      <MissingDependency>
        <Required type="2" schemaName="axx_fintento" displayName="F. Intento" parentSchemaName="axx_ventadirecta" parentDisplayName="Venta" solution="Active" />
        <Dependent type="29" displayName="Historial llamada de teléfono" id="{72574bbf-95ed-4bf1-b028-19e77f7a56a2}" />
      </MissingDependency>
      <MissingDependency>
        <Required type="2" schemaName="axx_fintento" displayName="F. Intento" parentSchemaName="axx_ventadirecta" parentDisplayName="Venta" solution="Active" />
        <Dependent type="60" displayName="Información" parentDisplayName="Venta" id="{78d55690-58a8-42ec-a819-7ee445b855fa}" />
      </MissingDependency>
      <MissingDependency>
        <Required type="2" schemaName="axx_horario" displayName="Horario Llamar" parentSchemaName="axx_ventadirecta" parentDisplayName="Venta" solution="Active" />
        <Dependent type="60" displayName="Información" parentDisplayName="Venta" id="{78d55690-58a8-42ec-a819-7ee445b855fa}" />
      </MissingDependency>
      <MissingDependency>
        <Required type="2" schemaName="axx_idvd" displayName="Caso" parentSchemaName="axx_ventadirecta" parentDisplayName="Venta" solution="Active" />
        <Dependent type="60" displayName="Información" parentDisplayName="Venta" id="{78d55690-58a8-42ec-a819-7ee445b855fa}" />
      </MissingDependency>
      <MissingDependency>
        <Required type="2" schemaName="axx_intentosoculto" displayName="1º Intento" parentSchemaName="axx_ventadirecta" parentDisplayName="Venta" solution="Active" />
        <Dependent type="60" displayName="Información" parentDisplayName="Venta" id="{78d55690-58a8-42ec-a819-7ee445b855fa}" />
      </MissingDependency>
      <MissingDependency>
        <Required type="2" schemaName="axx_link_bot" displayName="Link BOT" parentSchemaName="axx_ventadirecta" parentDisplayName="Venta" solution="Active" />
        <Dependent type="60" displayName="Información" parentDisplayName="Venta" id="{78d55690-58a8-42ec-a819-7ee445b855fa}" />
      </MissingDependency>
      <MissingDependency>
        <Required type="2" schemaName="axx_marca" displayName="Marca" parentSchemaName="axx_ventadirecta" parentDisplayName="Venta" solution="Active" />
        <Dependent type="60" displayName="Información" parentDisplayName="Venta" id="{78d55690-58a8-42ec-a819-7ee445b855fa}" />
      </MissingDependency>
      <MissingDependency>
        <Required type="2" schemaName="axx_masdosintentos" displayName="+2 Intentos" parentSchemaName="axx_ventadirecta" parentDisplayName="Venta" solution="Active" />
        <Dependent type="60" displayName="Información" parentDisplayName="Venta" id="{78d55690-58a8-42ec-a819-7ee445b855fa}" />
      </MissingDependency>
      <MissingDependency>
        <Required type="2" schemaName="axx_modelo" displayName="Modelo" parentSchemaName="axx_ventadirecta" parentDisplayName="Venta" solution="Active" />
        <Dependent type="60" displayName="Información" parentDisplayName="Venta" id="{78d55690-58a8-42ec-a819-7ee445b855fa}" />
      </MissingDependency>
      <MissingDependency>
        <Required type="2" schemaName="axx_motor" displayName="Motor" parentSchemaName="axx_ventadirecta" parentDisplayName="Venta" solution="Active" />
        <Dependent type="60" displayName="Información" parentDisplayName="Venta" id="{78d55690-58a8-42ec-a819-7ee445b855fa}" />
      </MissingDependency>
      <MissingDependency>
        <Required type="2" schemaName="axx_name" displayName="Name" parentSchemaName="axx_ventadirecta" parentDisplayName="Venta" solution="Active" />
        <Dependent type="29" displayName="Historial llamada de teléfono" id="{72574bbf-95ed-4bf1-b028-19e77f7a56a2}" />
      </MissingDependency>
      <MissingDependency>
        <Required type="2" schemaName="axx_name" displayName="Name" parentSchemaName="axx_ventadirecta" parentDisplayName="Venta" solution="Active" />
        <Dependent type="60" displayName="Información" parentDisplayName="Venta" id="{78d55690-58a8-42ec-a819-7ee445b855fa}" />
      </MissingDependency>
      <MissingDependency>
        <Required type="2" schemaName="axx_nombre" displayName="Nombre" parentSchemaName="axx_ventadirecta" parentDisplayName="Venta" solution="Active" />
        <Dependent type="29" displayName="Historial llamada de teléfono" id="{72574bbf-95ed-4bf1-b028-19e77f7a56a2}" />
      </MissingDependency>
      <MissingDependency>
        <Required type="2" schemaName="axx_nombre" displayName="Nombre" parentSchemaName="axx_ventadirecta" parentDisplayName="Venta" solution="Active" />
        <Dependent type="60" displayName="Información" parentDisplayName="Venta" id="{78d55690-58a8-42ec-a819-7ee445b855fa}" />
      </MissingDependency>
      <MissingDependency>
        <Required type="2" schemaName="axx_nrotarjetacbu" displayName="Nro Tarjeta / CBU" parentSchemaName="axx_ventadirecta" parentDisplayName="Venta" solution="Active" />
        <Dependent type="60" displayName="Información" parentDisplayName="Venta" id="{78d55690-58a8-42ec-a819-7ee445b855fa}" />
      </MissingDependency>
      <MissingDependency>
        <Required type="2" schemaName="axx_numeroip" displayName="Número de IP" parentSchemaName="axx_ventadirecta" parentDisplayName="Venta" solution="Active" />
        <Dependent type="60" displayName="Información" parentDisplayName="Venta" id="{78d55690-58a8-42ec-a819-7ee445b855fa}" />
      </MissingDependency>
      <MissingDependency>
        <Required type="2" schemaName="axx_orden" displayName="orden" parentSchemaName="axx_ventadirecta" parentDisplayName="Venta" solution="Active" />
        <Dependent type="60" displayName="Información" parentDisplayName="Venta" id="{78d55690-58a8-42ec-a819-7ee445b855fa}" />
      </MissingDependency>
      <MissingDependency>
        <Required type="2" schemaName="axx_origen" displayName="Origen" parentSchemaName="axx_ventadirecta" parentDisplayName="Venta" solution="Active" />
        <Dependent type="60" displayName="Información" parentDisplayName="Venta" id="{78d55690-58a8-42ec-a819-7ee445b855fa}" />
      </MissingDependency>
      <MissingDependency>
        <Required type="2" schemaName="axx_patente" displayName="Patente" parentSchemaName="axx_ventadirecta" parentDisplayName="Venta" solution="Active" />
        <Dependent type="60" displayName="Información" parentDisplayName="Venta" id="{78d55690-58a8-42ec-a819-7ee445b855fa}" />
      </MissingDependency>
      <MissingDependency>
        <Required type="2" schemaName="axx_persona" displayName="Persona" parentSchemaName="axx_ventadirecta" parentDisplayName="Venta" solution="Active" />
        <Dependent type="29" displayName="Historial llamada de teléfono" id="{72574bbf-95ed-4bf1-b028-19e77f7a56a2}" />
      </MissingDependency>
      <MissingDependency>
        <Required type="2" schemaName="axx_persona" displayName="Persona" parentSchemaName="axx_ventadirecta" parentDisplayName="Venta" solution="Active" />
        <Dependent type="60" displayName="Información" parentDisplayName="Venta" id="{78d55690-58a8-42ec-a819-7ee445b855fa}" />
      </MissingDependency>
      <MissingDependency>
        <Required type="2" schemaName="axx_planseleccionado" displayName="Plan Seleccionado" parentSchemaName="axx_ventadirecta" parentDisplayName="Venta" solution="Active" />
        <Dependent type="60" displayName="Información" parentDisplayName="Venta" id="{78d55690-58a8-42ec-a819-7ee445b855fa}" />
      </MissingDependency>
      <MissingDependency>
        <Required type="2" schemaName="axx_poliza" displayName="Poliza" parentSchemaName="axx_ventadirecta" parentDisplayName="Venta" solution="Active" />
        <Dependent type="60" displayName="Información" parentDisplayName="Venta" id="{78d55690-58a8-42ec-a819-7ee445b855fa}" />
      </MissingDependency>
      <MissingDependency>
        <Required type="2" schemaName="axx_procesocontrol" displayName="Proceso Control" parentSchemaName="axx_ventadirecta" parentDisplayName="Venta" solution="Active" />
        <Dependent type="60" displayName="Información" parentDisplayName="Venta" id="{78d55690-58a8-42ec-a819-7ee445b855fa}" />
      </MissingDependency>
      <MissingDependency>
        <Required type="2" schemaName="axx_ramo1" displayName="Ramo" parentSchemaName="axx_ventadirecta" parentDisplayName="Venta" solution="Active" />
        <Dependent type="60" displayName="Información" parentDisplayName="Venta" id="{78d55690-58a8-42ec-a819-7ee445b855fa}" />
      </MissingDependency>
      <MissingDependency>
        <Required type="2" schemaName="axx_resultado" displayName="Resultado" parentSchemaName="axx_ventadirecta" parentDisplayName="Venta" solution="Active" />
        <Dependent type="29" displayName="Historial llamada de teléfono" id="{72574bbf-95ed-4bf1-b028-19e77f7a56a2}" />
      </MissingDependency>
      <MissingDependency>
        <Required type="2" schemaName="axx_resultado" displayName="Resultado" parentSchemaName="axx_ventadirecta" parentDisplayName="Venta" solution="Active" />
        <Dependent type="60" displayName="Información" parentDisplayName="Venta" id="{78d55690-58a8-42ec-a819-7ee445b855fa}" />
      </MissingDependency>
      <MissingDependency>
        <Required type="2" schemaName="axx_robocontenido" displayName="Robo Contenido" parentSchemaName="axx_ventadirecta" parentDisplayName="Venta" solution="Active" />
        <Dependent type="60" displayName="Información" parentDisplayName="Venta" id="{78d55690-58a8-42ec-a819-7ee445b855fa}" />
      </MissingDependency>
      <MissingDependency>
        <Required type="2" schemaName="axx_search_field" displayName="Búsqueda" parentSchemaName="axx_ventadirecta" parentDisplayName="Venta" solution="Active" />
        <Dependent type="60" displayName="Información" parentDisplayName="Venta" id="{78d55690-58a8-42ec-a819-7ee445b855fa}" />
      </MissingDependency>
      <MissingDependency>
        <Required type="2" schemaName="axx_segundointento" displayName="2° Intento" parentSchemaName="axx_ventadirecta" parentDisplayName="Venta" solution="Active" />
        <Dependent type="60" displayName="Información" parentDisplayName="Venta" id="{78d55690-58a8-42ec-a819-7ee445b855fa}" />
      </MissingDependency>
      <MissingDependency>
        <Required type="2" schemaName="axx_telefono" displayName="Telefono" parentSchemaName="axx_ventadirecta" parentDisplayName="Venta" solution="Active" />
        <Dependent type="60" displayName="Información" parentDisplayName="Venta" id="{78d55690-58a8-42ec-a819-7ee445b855fa}" />
      </MissingDependency>
      <MissingDependency>
        <Required type="2" schemaName="axx_tipotarjeta" displayName="Tipo de Tarjeta" parentSchemaName="axx_ventadirecta" parentDisplayName="Venta" solution="Active" />
        <Dependent type="60" displayName="Información" parentDisplayName="Venta" id="{78d55690-58a8-42ec-a819-7ee445b855fa}" />
      </MissingDependency>
      <MissingDependency>
        <Required type="2" schemaName="axx_unidaddenegocios" displayName="Unidad de Negocios" parentSchemaName="axx_ventadirecta" parentDisplayName="Venta" solution="Active" />
        <Dependent type="60" displayName="Información" parentDisplayName="Venta" id="{78d55690-58a8-42ec-a819-7ee445b855fa}" />
      </MissingDependency>
      <MissingDependency>
        <Required type="2" schemaName="axx_usuarioactual" displayName="Bloqueado" parentSchemaName="axx_ventadirecta" parentDisplayName="Venta" solution="Active" />
        <Dependent type="60" displayName="Información" parentDisplayName="Venta" id="{78d55690-58a8-42ec-a819-7ee445b855fa}" />
      </MissingDependency>
      <MissingDependency>
        <Required type="2" schemaName="axx_vendedor" displayName="Vendedor" parentSchemaName="axx_ventadirecta" parentDisplayName="Venta" solution="Active" />
        <Dependent type="29" displayName="Historial llamada de teléfono" id="{72574bbf-95ed-4bf1-b028-19e77f7a56a2}" />
      </MissingDependency>
      <MissingDependency>
        <Required type="2" schemaName="axx_vendedor" displayName="Vendedor" parentSchemaName="axx_ventadirecta" parentDisplayName="Venta" solution="Active" />
        <Dependent type="60" displayName="Información" parentDisplayName="Venta" id="{78d55690-58a8-42ec-a819-7ee445b855fa}" />
      </MissingDependency>
      <MissingDependency>
        <Required type="2" schemaName="axx_ventadirectaid" displayName="Venta Directa" parentSchemaName="axx_ventadirecta" parentDisplayName="Venta" solution="Active" />
        <Dependent type="29" displayName="Historial llamada de teléfono" id="{72574bbf-95ed-4bf1-b028-19e77f7a56a2}" />
      </MissingDependency>
      <MissingDependency>
        <Required type="2" schemaName="createdby" displayName="Autor" parentSchemaName="axx_ventadirecta" parentDisplayName="Venta" solution="Active" />
        <Dependent type="60" displayName="Información" parentDisplayName="Venta" id="{78d55690-58a8-42ec-a819-7ee445b855fa}" />
      </MissingDependency>
      <MissingDependency>
        <Required type="2" schemaName="createdon" displayName="F. Alta" parentSchemaName="axx_ventadirecta" parentDisplayName="Venta" solution="Active" />
        <Dependent type="60" displayName="Información" parentDisplayName="Venta" id="{78d55690-58a8-42ec-a819-7ee445b855fa}" />
      </MissingDependency>
      <MissingDependency>
        <Required type="2" schemaName="modifiedby" displayName="Modificado por" parentSchemaName="axx_ventadirecta" parentDisplayName="Venta" solution="Active" />
        <Dependent type="29" displayName="Historial llamada de teléfono" id="{72574bbf-95ed-4bf1-b028-19e77f7a56a2}" />
      </MissingDependency>
      <MissingDependency>
        <Required type="2" schemaName="modifiedby" displayName="Modificado por" parentSchemaName="axx_ventadirecta" parentDisplayName="Venta" solution="Active" />
        <Dependent type="60" displayName="Información" parentDisplayName="Venta" id="{78d55690-58a8-42ec-a819-7ee445b855fa}" />
      </MissingDependency>
      <MissingDependency>
        <Required type="2" schemaName="modifiedon" displayName="Modificado el" parentSchemaName="axx_ventadirecta" parentDisplayName="Venta" solution="Active" />
        <Dependent type="29" displayName="Historial llamada de teléfono" id="{72574bbf-95ed-4bf1-b028-19e77f7a56a2}" />
      </MissingDependency>
      <MissingDependency>
        <Required type="2" schemaName="modifiedon" displayName="Modificado el" parentSchemaName="axx_ventadirecta" parentDisplayName="Venta" solution="Active" />
        <Dependent type="60" displayName="Información" parentDisplayName="Venta" id="{78d55690-58a8-42ec-a819-7ee445b855fa}" />
      </MissingDependency>
      <MissingDependency>
        <Required type="2" schemaName="ownerid" displayName="Propietario" parentSchemaName="axx_ventadirecta" parentDisplayName="Venta" solution="Active" />
        <Dependent type="60" displayName="Información" parentDisplayName="Venta" id="{78d55690-58a8-42ec-a819-7ee445b855fa}" />
      </MissingDependency>
      <MissingDependency>
        <Required type="2" schemaName="statecode" displayName="Estado del registro" parentSchemaName="axx_ventadirecta" parentDisplayName="Venta" solution="Active" />
        <Dependent type="60" displayName="Información" parentDisplayName="Venta" id="{78d55690-58a8-42ec-a819-7ee445b855fa}" />
      </MissingDependency>
      <MissingDependency>
        <Required type="2" schemaName="statuscode" displayName="Razón para el Estado" parentSchemaName="axx_ventadirecta" parentDisplayName="Venta" solution="Active" />
        <Dependent type="60" displayName="Información" parentDisplayName="Venta" id="{78d55690-58a8-42ec-a819-7ee445b855fa}" />
      </MissingDependency>
      <MissingDependency>
        <Required type="2" schemaName="campaignid" displayName="Campaña" parentSchemaName="campaign" parentDisplayName="Campaña" solution="msdynce_Marketing (9.0.4.37)">
          <package>msdynce_MarketingAnchor (9.0.21111.10001)</package>
        </Required>
        <Dependent type="10" schemaName="axx_campaign_axx_bloqueousuariocampania_campania" displayName="axx_campaign_axx_bloqueousuariocampania_campania" parentSchemaName="campaign" parentDisplayName="Campaña" />
      </MissingDependency>
      <MissingDependency>
        <Required type="2" schemaName="name" displayName="Nombre" parentSchemaName="campaign" parentDisplayName="Campaña" solution="msdynce_Marketing (9.0.4.37)">
          <package>msdynce_MarketingAnchor (9.0.21111.10001)</package>
        </Required>
        <Dependent type="10" schemaName="axx_campaign_axx_bloqueousuariocampania_campania" displayName="axx_campaign_axx_bloqueousuariocampania_campania" parentSchemaName="campaign" parentDisplayName="Campaña" />
      </MissingDependency>
      <MissingDependency>
        <Required type="2" schemaName="axx_campaaorigen" displayName="Campaña Origen" parentSchemaName="phonecall" parentDisplayName="Llamada de teléfono" solution="Active" />
        <Dependent type="29" displayName="Historial llamada de teléfono" id="{72574bbf-95ed-4bf1-b028-19e77f7a56a2}" />
      </MissingDependency>
      <MissingDependency>
        <Required type="2" schemaName="axx_resultadollamada" displayName="Respuesta" parentSchemaName="phonecall" parentDisplayName="Llamada de teléfono" solution="Active" />
        <Dependent type="29" displayName="Historial llamada de teléfono" id="{72574bbf-95ed-4bf1-b028-19e77f7a56a2}" />
      </MissingDependency>
      <MissingDependency>
        <Required type="2" schemaName="axx_ventaonlineid" displayName="Venta Directa" parentSchemaName="phonecall" parentDisplayName="Llamada de teléfono" solution="Active" />
        <Dependent type="29" displayName="Historial llamada de teléfono" id="{72574bbf-95ed-4bf1-b028-19e77f7a56a2}" />
      </MissingDependency>
      <MissingDependency>
        <Required type="26" schemaName="Vista de búsqueda de campañas" displayName="Vista de búsqueda de campañas" parentSchemaName="campaign" parentDisplayName="Campaña" solution="msdynce_Marketing (9.0.4.37)" id="{0e76dc73-2052-484e-8c00-a760f8d522ec}">
          <package>msdynce_MarketingAnchor (9.0.21111.10001)</package>
        </Required>
        <Dependent type="60" displayName="Información" parentDisplayName="Venta" id="{78d55690-58a8-42ec-a819-7ee445b855fa}" />
      </MissingDependency>
      <MissingDependency>
        <Required type="26" schemaName="Vista de búsqueda de Estado Venta Directa" displayName="Vista de búsqueda de Estado Venta Directa" parentSchemaName="axx_estadoventadirecta" parentDisplayName="Estado Venta Directa" solution="Active" id="{1285a537-a93c-4057-aa71-fc82b7b76fc0}" />
        <Dependent type="60" displayName="Información" parentDisplayName="Venta" id="{78d55690-58a8-42ec-a819-7ee445b855fa}" />
      </MissingDependency>
      <MissingDependency>
        <Required type="26" schemaName="Vista de búsqueda de Resultados Venta Directa" displayName="Vista de búsqueda de Resultados Venta Directa" parentSchemaName="axx_resultadosventadirecta" parentDisplayName="Resultados Venta Directa" solution="Active" id="{306b9624-6dbf-437d-b82a-1678d30816bb}" />
        <Dependent type="60" displayName="Información" parentDisplayName="Venta" id="{78d55690-58a8-42ec-a819-7ee445b855fa}" />
      </MissingDependency>
      <MissingDependency>
        <Required type="26" schemaName="Busqueda por CP" displayName="Busqueda por CP" parentSchemaName="axx_codigosventa" parentDisplayName="Códigos Venta" solution="Active" id="{9b355339-f7a8-eb11-9442-00224836cecd}" />
        <Dependent type="60" displayName="Información" parentDisplayName="Venta" id="{78d55690-58a8-42ec-a819-7ee445b855fa}" />
      </MissingDependency>
      <MissingDependency>
        <Required type="26" schemaName="Códigos Venta activo" displayName="Códigos Venta activo" parentSchemaName="axx_codigosventa" parentDisplayName="Códigos Venta" solution="Active" id="{b56a617d-d5d6-4343-9347-eb5e7524c764}" />
        <Dependent type="60" displayName="Información" parentDisplayName="Venta" id="{78d55690-58a8-42ec-a819-7ee445b855fa}" />
      </MissingDependency>
      <MissingDependency>
        <Required type="26" schemaName="Vista de búsqueda de Códigos Venta" displayName="Vista de búsqueda de Códigos Venta" parentSchemaName="axx_codigosventa" parentDisplayName="Códigos Venta" solution="Active" id="{e071c55b-5455-44da-8644-455bd4390c22}" />
        <Dependent type="60" displayName="Información" parentDisplayName="Venta" id="{78d55690-58a8-42ec-a819-7ee445b855fa}" />
      </MissingDependency>
      <MissingDependency>
        <Required type="60" displayName="Vista Rapida en VENTAS" parentDisplayName="Persona" solution="Active" id="{e7099f8d-4f7d-4ef3-859e-a70792e92618}" />
        <Dependent type="60" displayName="Información" parentDisplayName="Venta" id="{78d55690-58a8-42ec-a819-7ee445b855fa}" />
      </MissingDependency>
      <MissingDependency>
        <Required type="61" schemaName="axx_customs/SearchFunctionality" displayName="axx_customs/SearchFunctionality" solution="Active" />
        <Dependent type="60" displayName="Información" parentDisplayName="Venta" id="{78d55690-58a8-42ec-a819-7ee445b855fa}" />
      </MissingDependency>
      <MissingDependency>
        <Required type="61" schemaName="axx_IconoVDpng16px" displayName="axx_IconoVDpng16px" solution="Active" />
        <Dependent type="1" schemaName="axx_ventadirecta" displayName="Venta" />
      </MissingDependency>
      <MissingDependency>
        <Required type="61" schemaName="axx_IconoVDSvg" displayName="axx_IconoVDSvg" solution="Active" />
        <Dependent type="1" schemaName="axx_ventadirecta" displayName="Venta" />
      </MissingDependency>
      <MissingDependency>
        <Required type="66" schemaName="carfup_Carfup.QuickEditFormLookup" displayName="carfup_Carfup.QuickEditFormLookup" solution="Carfup_PCFControls (1.4.0.0)" />
        <Dependent type="60" displayName="Información" parentDisplayName="Venta" id="{78d55690-58a8-42ec-a819-7ee445b855fa}" />
      </MissingDependency>
      <MissingDependency>
        <Required type="66" schemaName="MscrmControls.AutoComplete.AutoCompleteControl" displayName="MscrmControls.AutoComplete.AutoCompleteControl" solution="CustomControlsCore (9.2.21112.00125)" />
        <Dependent type="60" displayName="Información" parentDisplayName="Venta" id="{78d55690-58a8-42ec-a819-7ee445b855fa}" />
      </MissingDependency>
      <MissingDependency>
        <Required type="66" schemaName="MscrmControls.FlipSwitch.FlipSwitchControl" displayName="MscrmControls.FlipSwitch.FlipSwitchControl" solution="CustomControlsCore (9.2.21112.00125)" />
        <Dependent type="60" displayName="Información" parentDisplayName="Venta" id="{78d55690-58a8-42ec-a819-7ee445b855fa}" />
      </MissingDependency>
      <MissingDependency>
        <Required type="66" schemaName="MscrmControls.InputMask.InputMaskControl" displayName="MscrmControls.InputMask.InputMaskControl" solution="CustomControlsCore (9.2.21112.00125)" />
        <Dependent type="60" displayName="Información" parentDisplayName="Venta" id="{78d55690-58a8-42ec-a819-7ee445b855fa}" />
      </MissingDependency>
    </MissingDependencies>
  </SolutionManifest>
</ImportExportXml>