{"name":"e811e5c8-2e23-44e2-baff-008b7a1ed402","id":"/providers/Microsoft.Flow/flows/e811e5c8-2e23-44e2-baff-008b7a1ed402","type":"Microsoft.Flow/flows","properties":{"apiId":"/providers/Microsoft.PowerApps/apis/shared_logicflows","displayName":"WEB - Control Cesvi Falla","definition":{"metadata":{"workflowEntityId":null,"processAdvisorMetadata":null,"flowclientsuspensionreason":"None","flowclientsuspensiontime":null,"creator":{"id":"85af7612-9fb6-4f87-9016-f1b0fc508bc1","type":"User","tenantId":"7467615c-e7d5-466f-a80d-74a867d2e7fb"},"provisioningMethod":"FromDefinition","failureAlertSubscription":true,"clientLastModifiedTime":"2021-11-25T18:27:47.133874Z"},"$schema":"https://schema.management.azure.com/providers/Microsoft.Logic/schemas/2016-06-01/workflowdefinition.json#","contentVersion":"1.0.0.0","parameters":{"$connections":{"defaultValue":{},"type":"Object"},"$authentication":{"defaultValue":{},"type":"SecureObject"}},"triggers":{"Al_crear_un_registro":{"recurrence":{"frequency":"Minute","interval":1},"splitOn":"@triggerBody()?['value']","metadata":{"flowSystemMetadata":{"swaggerOperationId":"GetOnNewItems_V2"},"operationMetadataId":"3a54b762-4688-4934-aea6-391be3acc8d9"},"type":"ApiConnection","inputs":{"host":{"connection":{"name":"@parameters('$connections')['shared_dynamicscrmonline']['connectionId']"},"api":{"runtimeUrl":"https://brazil-001.azure-apim.net/apim/dynamicscrmonline"}},"method":"get","path":"/v2/datasets/@{encodeURIComponent(encodeURIComponent('org6efeb8f8.crm2'))}/tables/@{encodeURIComponent(encodeURIComponent('emails'))}/onnewitems","authentication":"@parameters('$authentication')"}}},"actions":{"HtmlToText":{"runAfter":{},"metadata":{"flowSystemMetadata":{"swaggerOperationId":"HtmlToText"},"operationMetadataId":"f1c2032d-f4c5-4208-9ece-7b026ec6846f"},"type":"ApiConnection","inputs":{"host":{"connection":{"name":"@parameters('$connections')['shared_conversionservice']['connectionId']"},"api":{"runtimeUrl":"https://brazil-001.azure-apim.net/apim/conversionservice"}},"method":"post","body":"<p>@{triggerBody()?['description']}</p>","path":"/html2text","authentication":"@parameters('$authentication')"}},"Emision_Automatica":{"actions":{"DNI":{"runAfter":{"NOMBRE":["Succeeded"]},"metadata":{"operationMetadataId":"45cffaec-a74d-4813-957d-839985e20e7e"},"type":"Compose","inputs":"@first(skip(split(first(split(variables('varBody'),']>>Mail:')),'>>DNI: ['),1))"},"MAIL":{"runAfter":{"Condition":["Succeeded"]},"metadata":{"operationMetadataId":"4c32fa94-9731-4282-a8fc-05575d8a5e28"},"type":"Compose","inputs":"@first(skip(split(first(split(variables('varBody'),']>>Telefono:')),'>>Mail: ['),1))"},"NOMBRE":{"runAfter":{"APELLIDO":["Succeeded"]},"metadata":{"operationMetadataId":"ed97b563-1719-4f62-be99-e289d9f8e171"},"type":"Compose","inputs":"@trim(first(skip(split(first(split(variables('varBody'),']')),'>>Nombre: ['),1)))"},"APELLIDO":{"runAfter":{},"metadata":{"operationMetadataId":"21f99ad9-6e6a-4393-95ac-0f30af2a554d"},"type":"Compose","inputs":"@trim(replace(first(split(last(split(variables('varBody'),'>>Apellido:')), ']')), '[', ''))"},"Celular":{"runAfter":{"Telefono":["Succeeded"]},"metadata":{"operationMetadataId":"c9b4049d-95bb-4ae7-881c-0612015850c1"},"type":"Compose","inputs":"@first(skip(split(first(split(variables('varBody'),']>>Cotizacion:')),'>>Celular: ['),1))"},"Cotizacion":{"runAfter":{"Celular":["Succeeded"]},"metadata":{"operationMetadataId":"71e7b2f1-8b8e-4e36-81a1-9a94d60e811c"},"type":"Compose","inputs":"@first(skip(split(first(split(variables('varBody'),']>>Ramo:')),'>>Cotizacion: ['),1))"},"FechaHora":{"runAfter":{"List_records":["Succeeded"]},"metadata":{"operationMetadataId":"76930876-10f8-4488-ad9c-48df9a687c49"},"type":"Compose","inputs":"@trim(first(skip(split(first(split(variables('varBody'),']>>Marca:')),'>>Fecha: ['),1)))"},"Marca":{"runAfter":{"fechaCompuesta":["Succeeded"]},"metadata":{"operationMetadataId":"613bded2-ce15-4573-b1ad-acf25ab099fb"},"type":"Compose","inputs":"@first(skip(split(first(split(variables('varBody'),']>>Modelo:')),'>>Marca: ['),1))"},"Modelo":{"runAfter":{"Marca":["Succeeded"]},"metadata":{"operationMetadataId":"5535d0fa-3dfe-4666-ad51-a41cffed6695"},"type":"Compose","inputs":"@trim(replace(first(split(last(split(variables('varBody'),'>>Modelo:')), ']')), '[', ''))"},"Año":{"runAfter":{"Modelo":["Succeeded"]},"metadata":{"operationMetadataId":"f0063de2-7365-432e-b43a-19b7b0016e62"},"type":"Compose","inputs":"@first(skip(split(first(split(variables('varBody'),']>>0KM:')),'>>Ano de fabricacion: ['),1))"},"0KM":{"runAfter":{"Año":["Succeeded"]},"metadata":{"operationMetadataId":"d290c7a8-42ea-496a-b5a1-7c6a682dc1b2"},"type":"Compose","inputs":"@first(skip(split(first(split(variables('varBody'),']>>Patente:')),'>>0KM: ['),1))"},"Patente":{"runAfter":{"0KM":["Succeeded"]},"metadata":{"operationMetadataId":"d6d8181d-3ae3-4501-8bc6-3a3a866a39c7"},"type":"Compose","inputs":"@trim(replace(first(split(last(split(variables('varBody'),'>>Patente:')), ']')), '[', ''))"},"Codigo_postal":{"runAfter":{"Patente":["Succeeded"]},"metadata":{"operationMetadataId":"cf9d8c9c-a46f-4d1d-92f1-d05e575097e3"},"type":"Compose","inputs":"@trim(replace(first(split(last(split(variables('varBody'),'>>Codigo Postal:')), ']')), '[', ''))"},"Telefono":{"runAfter":{"MAIL":["Succeeded"]},"metadata":{"operationMetadataId":"918f5b68-7f3e-4920-9de4-21fbf9ee368d"},"type":"Compose","inputs":"@first(skip(split(first(split(variables('varBody'),']>>Celular:')),'>>Telefono: ['),1))"},"List_records":{"runAfter":{"numeroRamoLimpio":["Succeeded"]},"metadata":{"flowSystemMetadata":{"swaggerOperationId":"GetItems_V2"},"operationMetadataId":"494eba32-9882-4810-a56d-6c9c4d1f7a2b"},"type":"ApiConnection","inputs":{"host":{"connection":{"name":"@parameters('$connections')['shared_commondataservice']['connectionId']"},"api":{"runtimeUrl":"https://brazil-001.azure-apim.net/apim/commondataservice"}},"method":"get","path":"/v2/datasets/@{encodeURIComponent(encodeURIComponent('default.cds'))}/tables/@{encodeURIComponent(encodeURIComponent('axx_ramos'))}/items","queries":{"$filter":"axx_codigo eq '@{outputs('numeroRamoLimpio')}'"},"authentication":"@parameters('$authentication')"}},"numeroRamoLimpio":{"runAfter":{"Cotizacion":["Succeeded"]},"metadata":{"operationMetadataId":"e6f6dd58-ee99-4bba-8fc8-f69d398b4158"},"type":"Compose","inputs":"@trim(replace(first(split(last(split(variables('varBody'),'>>Ramo:')), ']')), '[', ''))"},"Apply_to_each":{"foreach":"@body('List_records')?['value']","actions":{"Apply_to_each_3":{"foreach":"@body('List_rows')?['value']","actions":{"Create_a_new_record":{"runAfter":{},"metadata":{"flowSystemMetadata":{"swaggerOperationId":"PostItem_V2"},"operationMetadataId":"d847113e-2777-4413-b6cf-ae4bee6d43ca"},"type":"ApiConnection","inputs":{"host":{"connection":{"name":"@parameters('$connections')['shared_commondataservice']['connectionId']"},"api":{"runtimeUrl":"https://brazil-001.azure-apim.net/apim/commondataservice"}},"method":"post","body":{"_axx_campanaorigen_value":"95c074da-2503-eb11-a813-000d3ac1703e","axx_0km":"@{outputs('0KM')}","axx_anofabricacion":"@{outputs('Año')}","axx_apellido":"@{outputs('APELLIDO')}","axx_canal":282270001,"axx_celular":"@{outputs('Celular')}","axx_chasis":"@{outputs('Chasis')}","axx_codigodeventa_text":"@items('Apply_to_each_3')?['axx_coddeventa']","axx_codigopostal":"@{outputs('Codigo_postal')}","axx_cotizacion":"@{outputs('Cotizacion')}","axx_documento":"@{outputs('DNI')}","axx_email":"@{outputs('MAIL')}","axx_fecha":"@{outputs('fechaCompuesta')}","axx_marca":"@{outputs('Marca')}","axx_modelo":"@{outputs('Modelo')}","axx_motor":"@{outputs('Motor')}","axx_nombre":"@{outputs('NOMBRE')}","axx_nrotarjetacbu":"@{outputs('CbuTarjeta')}","axx_patente":"@{outputs('Patente')}","axx_planseleccionado":"@{outputs('planSeleccionadoLimpio')}","axx_procesocontrol":"CESVI","axx_telefono":"@{outputs('Telefono')}","axx_tipotarjeta":"@{outputs('TipoTarjeta')}","_axx_estadovd_value":"5add1e2a-62e1-e911-a812-000d3ac1703e","_axx_persona_value":"@{outputs('idPersonaEncoRecompuesto')}","_ownerid_type":"","_axx_ramo1_value":"@items('Apply_to_each')?['axx_ramoid']","_axx_resultado_value":"dd86dfd9-a935-ec11-8c64-00224837d6ec","_axx_unidaddenegocios_value":"@items('Apply_to_each_3')?['_axx_unidadnegocio_value']"},"path":"/v2/datasets/@{encodeURIComponent(encodeURIComponent('default.cds'))}/tables/@{encodeURIComponent(encodeURIComponent('axx_ventadirectas'))}/items","authentication":"@parameters('$authentication')"}}},"runAfter":{},"metadata":{"operationMetadataId":"f9ce8a20-d409-443e-abcd-9216a81440fb"},"type":"Foreach"}},"runAfter":{"List_rows":["Succeeded"]},"metadata":{"operationMetadataId":"7839578d-62b2-48bf-8e26-36fe3ff27455"},"type":"Foreach"},"planSeleccionadoCrudo":{"runAfter":{"Codigo_postal":["Succeeded"]},"metadata":{"operationMetadataId":"00c92713-2436-4cca-9b5a-abb71a17a8bf"},"type":"Compose","inputs":"@first(skip(split(first(split(variables('varBody'),']>>Estado de')),'>>Plan seleccionado: ['),1))"},"planSeleccionadoLimpio":{"runAfter":{"planSeleccionadoCrudo":["Succeeded"]},"metadata":{"operationMetadataId":"38cf4c51-65f7-408b-a5bf-0ebfbe6484fe"},"type":"Compose","inputs":"@replace(outputs('planSeleccionadoCrudo'),']: [',' - ')"},"List_records_2":{"runAfter":{"DNI":["Succeeded"]},"metadata":{"flowSystemMetadata":{"swaggerOperationId":"GetItems_V2"},"operationMetadataId":"db2f93cc-8411-431e-b63b-473fb25cfd4e"},"type":"ApiConnection","inputs":{"host":{"connection":{"name":"@parameters('$connections')['shared_commondataservice']['connectionId']"},"api":{"runtimeUrl":"https://brazil-001.azure-apim.net/apim/commondataservice"}},"method":"get","path":"/v2/datasets/@{encodeURIComponent(encodeURIComponent('default.cds'))}/tables/@{encodeURIComponent(encodeURIComponent('accounts'))}/items","queries":{"$filter":"axx_numerodocumento eq '@{outputs('DNI')}'"},"authentication":"@parameters('$authentication')"}},"Condition":{"actions":{},"runAfter":{"Apply_to_each_2":["Succeeded"]},"else":{"actions":{"idPersonaEncontrada":{"runAfter":{},"metadata":{"operationMetadataId":"51f4cf8f-8648-4e8c-82b6-07d87b68a249"},"type":"Compose","inputs":"@string(outputs('idPersona'))"},"idPersonaEncoRecompuesto":{"runAfter":{"idPersonaEncontrada":["Succeeded"]},"metadata":{"operationMetadataId":"4b8f18c0-dae4-422c-a1a9-4addfeda9331"},"type":"Compose","inputs":"@first(skip(split(first(split(outputs('idPersonaEncontrada'),'\"]')),'[\"'),1))"}}},"expression":{"equals":["@outputs('idPersona')","[]"]},"metadata":{"operationMetadataId":"fe964516-f97a-46dc-9e98-7f7894fcd29b"},"type":"If"},"Apply_to_each_2":{"foreach":"@body('List_records_2')?['value']","actions":{"idPersona":{"runAfter":{},"metadata":{"operationMetadataId":"90348dea-dc8d-4a1f-87c1-9fc5a5b50363"},"type":"Compose","inputs":"@items('Apply_to_each_2')?['accountid']"}},"runAfter":{"List_records_2":["Succeeded"]},"metadata":{"operationMetadataId":"446ffb4b-bd78-4917-b430-626aae364b2a"},"type":"Foreach"},"Fecha":{"runAfter":{"FechaHora":["Succeeded"]},"metadata":{"operationMetadataId":"b458d462-8457-4108-a44f-e8c5c0135cce"},"type":"Compose","inputs":"@first(split(outputs('FechaHora'),' '))"},"Hora":{"runAfter":{"año2":["Succeeded"]},"metadata":{"operationMetadataId":"c5a4ed2a-6f29-4e7e-b77b-652a73505810"},"type":"Compose","inputs":"@last(array(split(outputs('FechaHora'),' ')))"},"dia":{"runAfter":{"Fecha":["Succeeded"]},"metadata":{"operationMetadataId":"31fe3c35-22ee-4053-8f49-e48b4306798e"},"type":"Compose","inputs":"@first(split(outputs('Fecha'),'/'))"},"año2":{"runAfter":{"mes":["Succeeded"]},"metadata":{"operationMetadataId":"ba87a0db-ee84-47cf-8825-68eac6dd7d28"},"type":"Compose","inputs":"@last(split(outputs('Fecha'),'/'))"},"mes":{"runAfter":{"dia":["Succeeded"]},"metadata":{"operationMetadataId":"b8ae3498-02e0-4584-8347-b8b813f9d4a2"},"type":"Compose","inputs":"@first(skip(split(outputs('Fecha'),'/'),1))"},"fechaCompuesta":{"runAfter":{"Hora":["Succeeded"]},"metadata":{"operationMetadataId":"916643b0-6c60-48c7-bc06-8bdf4e6d9b18"},"type":"Compose","inputs":"@concat(outputs('año2'),'-',outputs('mes'),'-',outputs('dia'),'T',outputs('Hora'),'.0000000Z')"},"List_rows":{"runAfter":{"CbuTarjeta":["Succeeded"]},"metadata":{"flowSystemMetadata":{"swaggerOperationId":"GetItems_V2"},"operationMetadataId":"94f29fcd-831c-4c7e-89d4-777136b5f344"},"type":"ApiConnection","inputs":{"host":{"connection":{"name":"@parameters('$connections')['shared_commondataservice']['connectionId']"},"api":{"runtimeUrl":"https://brazil-001.azure-apim.net/apim/commondataservice"}},"method":"get","path":"/v2/datasets/@{encodeURIComponent(encodeURIComponent('default.cds'))}/tables/@{encodeURIComponent(encodeURIComponent('axx_cdigosdeventacps'))}/items","queries":{"$filter":"(axx_codigopostal eq '@{outputs('Codigo_postal')}')"},"authentication":"@parameters('$authentication')"}},"Motor":{"runAfter":{"planSeleccionadoLimpio":["Succeeded"]},"metadata":{"operationMetadataId":"868f7651-e0e6-45d8-a9eb-69985d419ff2"},"type":"Compose","inputs":"@trim(replace(first(split(last(split(variables('varBody'),'>>Motor:')), ']')), '[', ''))"},"Chasis":{"runAfter":{"Motor":["Succeeded"]},"metadata":{"operationMetadataId":"49174608-8e7e-4a35-bfd1-8f27bc5fb97d"},"type":"Compose","inputs":"@trim(replace(first(split(last(split(variables('varBody'),'>>Chasis:')), ']')), '[', ''))"},"TipoTarjeta":{"runAfter":{"Chasis":["Succeeded"]},"metadata":{"operationMetadataId":"b9ca4088-63b1-4de2-9daa-a17282846cf0"},"type":"Compose","inputs":"@trim(replace(first(split(last(split(variables('varBody'),'>>tipoTarjeta:')), ']')), '[', ''))"},"CbuTarjeta":{"runAfter":{"TipoTarjeta":["Succeeded"]},"metadata":{"operationMetadataId":"1e65b5c0-ba7c-49f5-a482-899ee5139a64"},"type":"Compose","inputs":"@trim(replace(first(split(last(split(variables('varBody'),'>>cbuOTarjeta:')), ']')), '[', ''))"}},"runAfter":{"Initialize_variable":["Succeeded"]},"else":{"actions":{"Terminate":{"runAfter":{},"metadata":{"operationMetadataId":"408ec589-28f7-4ca6-8df2-7e834b927d7a"},"type":"Terminate","inputs":{"runStatus":"Cancelled"}}}},"expression":{"startsWith":["@triggerBody()?['subject']","Control Cesvi Falla"]},"metadata":{"operationMetadataId":"4ee10eab-1836-4564-b9d7-c91e3afad39e"},"type":"If"},"Initialize_variable":{"runAfter":{"HtmlToText":["Succeeded"]},"metadata":{"operationMetadataId":"8594e9c7-b60c-4947-a8a6-e737cc6adc4b"},"type":"InitializeVariable","inputs":{"variables":[{"name":"varBody","type":"string","value":"@{uriComponentToString(replace(replace(uriComponent(body('HtmlToText')), '%0A', ''), '%C2%A0', ''))}"}]}}}},"connectionReferences":{"shared_conversionservice":{"connectionName":"shared-conversionser-922317a8-96c4-4b24-acc5-567a-47c6717d","source":"Embedded","id":"/providers/Microsoft.PowerApps/apis/shared_conversionservice","tier":"NotSpecified"},"shared_commondataservice":{"connectionName":"shared-commondataser-e71ec140-34a4-4736-96d7-2e9d-922081e2","source":"Embedded","id":"/providers/Microsoft.PowerApps/apis/shared_commondataservice","tier":"NotSpecified"},"shared_dynamicscrmonline":{"connectionName":"shared-dynamicscrmon-887dbcc3-d558-40d5-bc71-b8c8-1e331792","source":"Embedded","id":"/providers/Microsoft.PowerApps/apis/shared_dynamicscrmonline","tier":"NotSpecified"}},"flowFailureAlertSubscribed":false}}